serial,folder,sold_type,engine_primary,engine_next,skip_reason,i_duty,um,ust,steps,connection,phases,verdict
"E-M260001","CM","CMIII-600Y/72.5C-14253W","CM2III-600Y/72.5B-12231W","SHZVIII-600Y/72.5B-12231W | SHZVIII-1000Y/72.5B-12231W | SHZVGIII-1300Y/72.5B-12231W","","533.5","72.5","1976.7","11","Y","III","eligible"
"E-M260002-003","CM","","","","no sold_type","","","","","","","skip"
"E-M260004-005","CM","","","","no sold_type","","","","","","","skip"
"E-M260006-007","CM","","","","no sold_type","","","","","","","skip"
"E-M260008","CM","CMIII-500Y/72.5B-10193W","CV2III-350Y/72.5-10193W","CV2III-600Y/72.5-10193W | CVIII-350Y/72.5-10193W | SVIII-500Y/72.5-10193W","","155.5","72.5","1368","8","Y","III","eligible"
"E-M260009","CM","CMIII-500Y/126C-10193G","","","no transformer I","","126","","","Y","III","skip"
"E-M260010","CM","CMIII-500Y/72.5C-16150","","","no transformer I","","72.5","3000","","Y","III","skip"
"E-M260011-013","CM","CMIII-500Y/72.5B-10193W","CV2III-350Y/72.5-10193W","CV2III-600Y/72.5-10193W | CVIII-350Y/72.5-10193W | SVIII-500Y/72.5-10193W","","97.2","72.5","1368","8","Y","III","eligible"
"E-M260014-015","CM","CMIII-500Y/72.5B-10193W","CV2III-350Y/72.5-10193W","CV2III-600Y/72.5-10193W | CVIII-350Y/72.5-10193W | SVIII-500Y/72.5-10193W","","97.2","72.5","1368","8","Y","III","eligible"
"E-M260016","CM","3xCMI-1200/170C-14131W","CM2I-800/170D-14131W","CM2I-1200/170D-14131W | SHZVI-1000/170D-14131W | SHZVI-1200/170D-14131W","","747.4","170","1824","6","Y","I","eligible"
"E-M260017","CM","","","","no sold_type","","","","","","","skip"
"E-M260018-019","CM","","","","no sold_type","","","","","","","skip"
"E-M260020","CM","","","","no sold_type","","","","","","","skip"
"E-M260021","CM","CMIII-500Y/72.5B-10080","CV2III-350Y/72.5-10080","CV2III-600Y/72.5-10080 | CVIII-350Y/72.5-10080 | SVIII-500Y/72.5-10080","","314.9","72.5","927","","Y","III","eligible"
"E-M260022","CM","","","","no sold_type","","","","","","","skip"
"E-M260023-024","CM","3xCMI-800/170C-14131W","CM2I-800/170D-14131W","CM2I-1200/170D-14131W | SHZVI-1000/170D-14131W | SHZVI-1200/170D-14131W","","634.5","170","1397","6","Y","I","eligible"
"E-M260025","CM","CMI-1200/72.5C-18351W","","","no transformer I","","72.5","","","","I","skip"
"E-M260026","CM","CMIII-500Y/72.5C-16150","","","no transformer I","","72.5","","","Y","III","skip"
"E-M260027-028","CM","3xCMI-800/170C-14131W","CM2I-800/170D-14131W","CM2I-1200/170D-14131W | SHZVI-1000/170D-14131W | SHZVI-1200/170D-14131W","","634.5","170","1397","6","Y","I","eligible"
"E-M260029","CM","","","","no sold_type","","","","","","","skip"
"E-M260030","CM","3xCMI-800/170B-14131W","CM2I-800/170D-14131W","CM2I-1200/170D-14131W | SHZVI-1000/170D-14131W | SHZVI-1200/170D-14131W","","678","170","1400","6","Y","I","eligible"
"E-M260031","CM","CMIII-500Y/72.5B-500","CV2III-350Y/72.5-10193W","CV2III-600Y/72.5-10193W | CVIII-350Y/72.5-10193W | SVIII-500Y/72.5-10193W","","250","72.5","1123","","Y","III","eligible"
"E-M260032-033","CM","3xCMI-1200Y/170C-14131W","CM2I-1200/170D-14131W","CM2I-1500/170D-14131W | SHZVI-1200/170D-14131W | SHZVI-1500/170D-14131W","","1068","170","1328","6","Y","I","eligible"
"E-M260034","CM","CMIII-500Y/126B-10193W","CV2III-350Y/126-10193W","CV2III-600Y/126-10193W | CM2III-500Y/126C-10193W | CM2III-600Y/126C-10193W","","244.9","126","1368","8","Y","III","eligible"
"E-M260035","CM","CMIII-500Y/72.5B-10193W","CV2III-350Y/72.5-10193W","CV2III-600Y/72.5-10193W | CVIII-350Y/72.5-10193W | SVIII-500Y/72.5-10193W","","125","72.5","1368","8","Y","III","eligible"
"E-M260036","CM","CMIII-500Y/72.5B-10191W","CV2III-600Y/72.5-10191W","SVIII-500Y/72.5-10191W | CM2III-500Y/72.5B-10191W | CM2III-600Y/72.5B-10191W","","424.3","72.5","1181","9","Y","III","eligible"
"E-M260037","CM","CMIII-500Y/72.5B-14273W","CM2III-500Y/72.5B-14273W","CM2III-600Y/72.5B-14273W | SHZVIII-400Y/72.5B-14273W | SHZVIII-600Y/72.5B-14273W","","105.7","72.5","1328","12","Y","III","eligible"
"E-M260038","CM","CMIII-500Y/72.5B-14273W","CM2III-500Y/72.5B-14273W","CM2III-600Y/72.5B-14273W | SHZVIII-400Y/72.5B-14273W | SHZVIII-600Y/72.5B-14273W","","104.59","72.5","1328","12","Y","III","eligible"
"E-M260039","CM","3xCMI-800/170C-14131W","CM2I-800/170D-14131W","CM2I-1200/170D-14131W | SHZVI-1000/170D-14131W | SHZVI-1200/170D-14131W","","634.5","170","1397","6","Y","I","eligible"
"E-M260040-041","CM","CMIII-500Y/72.5B-10193W","CV2III-350Y/72.5-10193W","CV2III-600Y/72.5-10193W | CVIII-350Y/72.5-10193W | SVIII-500Y/72.5-10193W","","97.2","72.5","1368.3","8","Y","III","eligible"
"E-M260042","CM","","","","no sold_type","","","1368","","","","skip"
"E-M260044","CM","CMIII-500Y/72.5B-14273W","CM2III-500Y/72.5B-14273W","CM2III-600Y/72.5B-14273W | SHZVIII-400Y/72.5B-14273W | SHZVIII-600Y/72.5B-14273W","","330.3","72.5","1328","12","Y","III","eligible"
"E-M260045","CM","","","","no sold_type","668","","2656","6","","","skip"
"E-M260046","CM","","","","no sold_type","","","","","","","skip"
"E-M260047","CM","","","","no sold_type","","","","","","","skip"
"E-M260048-049","CM","CMIII-500Y/72.5B-14273W","CM2III-500Y/72.5B-14273W","CM2III-600Y/72.5B-14273W | SHZVIII-400Y/72.5B-14273W | SHZVIII-600Y/72.5B-14273W","","106","72.5","1328","12","Y","III","eligible"
"E-M260050-052","CM","CMIII-500Y/72.5C-16150","","","no transformer I","","72.5","1298","","Y","III","skip"
"E-M260053-072","CM","CMIII-500Y/72.5C-16150","","","no transformer I","","72.5","1422","","Y","III","skip"
"E-M260073-075","CM","CMIII-500Y/72.5C-16150","","","no transformer I","","72.5","1422","","Y","III","skip"
"E-M260076-081","CM","CMIII-500Y/72.5C-16150","","","no transformer I","","72.5","1576","","Y","III","skip"
"E-M260082-086","CM","CMIII-500Y/72.5C-16150","","","no transformer I","","72.5","1576","","Y","III","skip"
"E-M260087-088","CM","","","","no sold_type","","","","","","","skip"
"E-M260089-090","CM","","","","no sold_type","","","","","","","skip"
"E-M260091","CM","CMIII-500Y/72.5C-16150","","","no transformer I","","72.5","","","Y","III","skip"
"E-M260092,E-M260094","CM","CMI-500/170C-10193W","CM2I-500/170D-10193W","CM2I-600/170D-10193W | SHZVI-400/170D-10193W | SHZVI-600/170D-10193W","","316","170","1048","8","Y","I","eligible"
"E-M260093","CM","CMIII-600Y/72.5C-14271G","CVIII-350Y/72.5-14271G","CM2III-500Y/72.5B-14271G | CM2III-600Y/72.5B-14271G | SHZVIII-400Y/72.5B-14271G","","68.7","72.5","0","13","Y","III","eligible"
"E-M260095-096","CM","3xCMI-1200/170B-14131W","CM2I-1200/170D-14131W","CM2I-1500/170D-14131W | SHZVI-1200/170D-14131W | SHZVI-1500/170D-14131W","","971.8","170","1852.9","6","Y","I","eligible"
"E-M260097-098","CM","","","","no sold_type","","","","","","","skip"
"E-M260099-101","CM","CMIII-500Y/126B-10193W","CV2III-350Y/126-10193W","CV2III-600Y/126-10193W | CM2III-500Y/126C-10193W | CM2III-600Y/126C-10193W","","244.9","126","1368","8","Y","III","eligible"
"E-M260102","CM","CMIII-500Y/126B-10091W","CV2III-350Y/126-10091W","CV2III-600Y/126-10091W | CM2III-500Y/126C-10091W | CM2III-600Y/126C-10091W","","100.41","126","1660","4","Y","III","eligible"
"E-M260103","CM","3xCMI-1200/170B-14131W","","","no transformer I","","170","","","","I","skip"
"E-M260104-105","CM","CMI-800/126-14131W","","","no transformer I","","126","1397","6","","I","skip"
"E-M260106-107","CM","","","","no sold_type","","","","","","","skip"
"E-M260108","CM","3xCMI-1200/170C-14131W","","","no transformer I","","170","1328","6","","I","skip"
"E-M260109","CM","3xCMI-1200/170B-14131W","CM2I-1200/170D-14131W","CM2I-1500/170D-14131W | SHZVI-1200/170D-14131W | SHZVI-1500/170D-14131W","","1084","170","1346","6","Y","I","eligible"
"E-M260110","CM","CMIII-500Y/126B-10193W","","","no transformer I","","126","","","Y","III","skip"
"E-M260111","CM","3xCMI-1500/126B-14131W","CM2I-1500/126C-14131W","SHZVI-1500/126C-14131W | SHZVI-1600/126C-14131W | SHZVGI-3000/126C-14131W","","1296.6","126","1398","6","Y","I","eligible"
"E-M260112","CM","CMIII-500Y/72.5B-10191W","","","no transformer I","","72.5","","","Y","III","skip"
"E-M260113","CM","3xCMI-1500/170C-14131W","CM2I-1500/170D-14131W","SHZVI-1500/170D-14131W | SHZVI-1600/170D-14131W | SHZVGI-3000/170D-14131W","","1269","170","0","6","Y","I","eligible"
"E-M260114","CM","3xCMI-800/252B-14131W","CM2I-800/252D-14131W","CM2I-1200/252D-14131W | SHZVI-1000/252D-14131W | SHZVI-1200/252D-14131W","","667.6","252","2688.9","6","Y","I","eligible"
"E-M260115","CM","CMIII-600Y/72.5C-18531G","","","no transformer I","","72.5","","","Y","III","skip"
"E-M260116-117","CM","3xCMI-1200/170B-14131W","CM2I-1200/170D-14131W","CM2I-1500/170D-14131W | SHZVI-1200/170D-14131W | SHZVI-1500/170D-14131W","","1068.2","170","1413.5","6","Y","I","eligible"
"E-M260118-119","CM","CMIII-500Y/72.5C-14273W","CM2III-500Y/72.5B-14273W","CM2III-600Y/72.5B-14273W | SHZVIII-400Y/72.5B-14273W | SHZVIII-600Y/72.5B-14273W","","106","72.5","1330","12","Y","III","eligible"
"E-M260120-121","CM","CMIII-500Y/72.5C-18170","CM2III-500Y/72.5B-18170","CM2III-600Y/72.5B-18170 | SHZVIII-400Y/72.5B-18170 | SHZVIII-600Y/72.5B-18170","","141","72.5","1398","","Y","III","eligible"
"E-M260122","CM","3xCMI-1500Y/126B-14131W","CM2I-1500/126C-14131W","SHZVI-1500/126C-14131W | SHZVI-1600/126C-14131W | SHZVGI-3000/126C-14131W","","1269","126","1397","6","Y","I","eligible"
"E-M260123","CM","3xCMI-1200/170B-14131W","CM2I-1200/170D-14131W","CM2I-1500/170D-14131W | SHZVI-1200/170D-14131W | SHZVI-1500/170D-14131W","","1068.2","170","1413.5","6","Y","I","eligible"
"E-M260124-126","CM","3xCMI-1500/170C-14131W","CM2I-1500/170D-14131W","SHZVI-1500/170D-14131W | SHZVI-1600/170D-14131W | SHZVGI-3000/170D-14131W","","1356","170","1398","6","Y","I","eligible"
"E-M260127-135","CM","CMIII-500Y/72.5C-16150","","","no transformer I","","72.5","","","Y","III","skip"
"E-M260136-138","CM","CMIII-500Y/72.5C-16150","","","no transformer I","","72.5","","","Y","III","skip"
"E-M260139","CM","CMIII-500Y/72.5C-16150","","","no transformer I","","72.5","","","Y","III","skip"
"E-M260140","CM","CMIII-500Y/72.5C-14273W","CM2III-500Y/72.5B-14273W","CM2III-600Y/72.5B-14273W | SHZVIII-400Y/72.5B-14273W | SHZVIII-600Y/72.5B-14273W","","264","72.5","1328","12","Y","III","eligible"
"E-M260141-142","CM","3xCMI-1500Y/170C-14131W","","","no transformer I","","170","","6","Y","I","skip"
"E-M260143","CM","CMIII-500Y/126DE-14273W","CM2III-500Y/126C-14273W","CM2III-600Y/126C-14273W | SHZVIII-400Y/126C-14273W | SHZVIII-600Y/126C-14273W","","231.6","126","1588","12","Y","III","eligible"
"E-M260144","CM","CMIII-500Y/72.5C-10193W","CM2III-500Y/72.5B-10193W","CM2III-600Y/72.5B-10193W | SHZVIII-400Y/72.5B-10193W | SHZVIII-600Y/72.5B-10193W","","232.7","72.5","2858","8","Y","III","eligible"
"E-M260145-147","CM","3xCMI-800/170B-14131W","CM2I-800/170D-14131W","CM2I-1200/170D-14131W | SHZVI-1000/170D-14131W | SHZVI-1200/170D-14131W","","668","170","1328","6","Y","I","eligible"
"E-M260148-150","CM","CMIII-500Y/72.5C-16150","","","no transformer I","","72.5","","","Y","III","skip"
"E-M260151","CM","CMIII-500Y/72.5-10193W","CV2III-600Y/72.5-10193W","SVIII-500Y/72.5-10193W | CM2III-500Y/72.5B-10193W | CM2III-600Y/72.5B-10193W","","368","72.5","794","8","Y","III","eligible"
"E-M260152-161","CM","CMIII-500Y/72.5C-16150","","","no transformer I","","72.5","1576","","Y","III","skip"
"E-M260162","CM","CMI-1200/72.5C-18351W","","","no transformer I","","72.5","","","","I","skip"
"E-M260163","CM","3xCMI-1200/170B-14131W","CM2I-1200/170D-14131W","CM2I-1500/170D-14131W | SHZVI-1200/170D-14131W | SHZVI-1500/170D-14131W","","1068.2","170","1413.5","6","Y","I","eligible"
"E-M260164","CM","CMIII-500Y/72.5C-16150","","","no transformer I","","72.5","","","Y","III","skip"
"E-M260165","CM","","","","no sold_type","1068.2","","1328","6","","","skip"
"E-M260166","CM","","","","no sold_type","1068.2","","1328","6","","","skip"
"E-M260167-168","CM","CMIII-600Y/72.5B-10173G","CV2III-600Y/72.5-16151G","CM2III-600Y/72.5B-16151G | SHZVIII-600Y/72.5B-16151G | SHZVIII-1000Y/72.5B-16151G","","575.2","72.5","238.2","7","Y","III","eligible"
"E-CMD260001","CMD","CMDIII-1000Y/72.5C-10193W","SHZVGIII-1300Y/72.5B-10193W","SHZVGIII-1500Y/72.5B-10193W | 3xCM2I-1200/72.5B-10193W | 3xCM2I-1500/72.5B-10193W","","983","72.5","1417","8","Y","III","miss"
"E-CMD260004-005","CMD","CMDI-1600/252C-14130","SHZVI-1600/252D-14130","SHZVI-2400/252D-14130 | SHZVGI-3000/252D-14130 | CMDI-1600/252D-14130","","1322","252","2656","","Y","I","eligible"
"E-CMD260006","CMD","CMDIII-1000Y/72.5B-10193W","SHZVIII-1000Y/72.5B-10193W","SHZVGIII-1300Y/72.5B-10193W | SHZVGIII-1500Y/72.5B-10193W | CMDIII-1000Y/72.5B-10193W","","668.4","72.5","377","8","Y","III","eligible"
"E-CMD260007","CMD","CMDIII-1000Y/72.5B-10193W","SHZVIII-1000Y/72.5B-10193W","SHZVGIII-1300Y/72.5B-10193W | SHZVGIII-1500Y/72.5B-10193W | CMDIII-1000Y/72.5B-10193W","","924","72.5","91","8","Y","III","eligible"
"E-CMD260008","CMD","CMDI-1600/252C-14130","SHZVI-1600/252D-14130","SHZVI-2400/252D-14130 | SHZVGI-3000/252D-14130 | CMDI-1600/252D-14130","","1321.4","252","2683","","Y","I","eligible"
"E-CMD260009-010","CMD","CMDI-1600/252C-14130","CM2I-1500/252D-14130","SHZVI-1500/252D-14130 | SHZVI-1600/252D-14130 | SHZVGI-3000/252D-14130","","1321.4","252","0","","Y","I","eligible"
"E-CMD260011-013","CMD","CMDI-1600/252C-14130","CM2I-1500/252D-14130","SHZVI-1500/252D-14130 | SHZVI-1600/252D-14130 | SHZVGI-3000/252D-14130","","1321.4","252","0","","Y","I","eligible"
"E-CMD260014-015","CMD","","","","no sold_type","","","","","","","skip"
"E-V260001-002","CV","","","","no sold_type","","","","","","","skip"
"E-V260003","CV","CVIII-350D/40.5-12233G","CV2III-350D/40.5-12233G","CV2III-600D/40.5-12233G | CVIII-350D/40.5-12233G | SVIII-500D/40.5-12233G","","266.62","40.5","346.5","10","D","III","eligible"
"E-V260004-005","CV","CVIII-350D/40.5-10193W","CV2III-350D/40.5-10193W","CV2III-600D/40.5-10193W | CVIII-350D/40.5-10193W | SVIII-500D/40.5-10193W","","227","40.5","257","8","D","III","eligible"
"E-V260006-010","CV","","","","no sold_type","350","","","","","","skip"
"E-V260011","CV","","","","no sold_type","","","","","","","skip"
"E-V260012","CV","SVIII-500Y/40.5-10193W","CV2III-600Y/40.5-10193W","SVIII-500Y/40.5-10193W | CM2III-500Y/72.5B-10193W | CM2III-600Y/72.5B-10193W","","386","40.5","275","8","Y","III","eligible"
"E-V260013-014","CV","","","","no sold_type","","","","","","","skip"
"E-V260015","CV","CVIII-350D/40.5-10193W","CV2III-350D/40.5-10193W","CV2III-600D/40.5-10193W | CVIII-350D/40.5-10193W | SVIII-500D/40.5-10193W","","103","40.5","144.3","8","D","III","eligible"
"E-V260016-017","CV","","","","no sold_type","","","","","","","skip"
"E-V260018-019","CV","CVIII-350Y/72.5-10191W","","","no transformer I","","72.5","","","Y","III","skip"
"E-V260020-021","CV","CVIII-350D/40.5-10193G","","","no transformer I","","40.5","","","D","III","skip"
"E-V260022","CV","CVIII-350D/40.5-10131G","CV2III-350D/40.5-10153G","CV2III-600D/40.5-10153G | CVIII-350D/40.5-10153G | SVIII-500D/40.5-10153G","","43.9","40.5","306","6","D","III","eligible"
"E-V260023-024","CV","CVIII-350Y/72.5-10191W","CV2III-350Y/72.5-10191W","CV2III-600Y/72.5-10191W | CVIII-350Y/72.5-10191W | SVIII-500Y/72.5-10191W","","212.1","72.5","1182","9","Y","III","eligible"
"E-V260025-026","CV","CVIII-350/12-233","","","no transformer I","","12","","10","","III","skip"
"E-V260027-028","CV","SVIII-500Y/72.5-10193W","CV2III-600Y/72.5-10193W","SVIII-500Y/72.5-10193W | CM2III-500Y/72.5B-10193W | CM2III-600Y/72.5B-10193W","","418","72.5","318","8","Y","III","eligible"
"E-V260029","CV","CVIII-350D/40.5-10193W","CV2III-350D/40.5-10193W","CV2III-600D/40.5-10193W | CVIII-350D/40.5-10193W | SVIII-500D/40.5-10193W","","114","40.5","345","8","D","III","eligible"
"E-V260030","CV","CVIII-350D/40.5-10193W","CV2III-350D/40.5-10193W","CV2III-600D/40.5-10193W | CVIII-350D/40.5-10193W | SVIII-500D/40.5-10193W","","196.1","40.5","216.65","8","D","III","eligible"
"E-V260031-033","CV","CVIII-350D/40.5-14131W","CV2III-350D/40.5-14131W","CV2III-600D/40.5-14131W | CVIII-350D/40.5-14131W | SVIII-500D/40.5-14131W","","222.2","40.5","498.5","6","D","III","eligible"
"E-V260034-035","CV","","","","no sold_type","","","","","","","skip"
"E-V260036-038","CV","SVIII-500D/40.5-10193W","CV2III-600D/40.5-10193W","SVIII-500D/40.5-10193W | CM2III-500D/72.5B-10193W | CM2III-600D/72.5B-10193W","","412.39","40.5","216.51","8","D","III","eligible"
"E-V260039","CV","","","","no sold_type","","","","","","","skip"
"E-V260040-041","CV","CVIII-350D/40.5-10193W","CV2III-350D/40.5-10193W","CV2III-600D/40.5-10193W | CVIII-350D/40.5-10193W | SVIII-500D/40.5-10193W","","206.2","40.5","216.51","8","D","III","eligible"
"E-V260042","CV","CVIII-350D/40.5-10191W","CV2III-350D/40.5-10191W","CV2III-600D/40.5-10191W | CVIII-350D/40.5-10191W | SVIII-500D/40.5-10191W","","80.6","40.5","165","9","D","III","eligible"
"E-V260043-044","CV","SVIII-500Y/40.5-10193W","CV2III-600Y/40.5-10193W","SVIII-500Y/40.5-10193W | CM2III-500Y/72.5B-10193W | CM2III-600Y/72.5B-10193W","","417.8","40.5","551","8","Y","III","eligible"
"E-V260045-047","CV","CVIII-350D/40.5-10090","CV2III-350D/40.5-10090","CV2III-600D/40.5-10090 | CVIII-350D/40.5-10090 | SVIII-500D/40.5-10090","","178.3","40.5","825","","D","III","eligible"
"E-V260048","CV","CVIII-350D/72.5-10193W","CV2III-350D/72.5-10193W","CV2III-600D/72.5-10193W | CVIII-350D/72.5-10193W | SVIII-500D/72.5-10193W","","80.5","72.5","862.5","8","D","III","eligible"
"E-V260049","CV","CVIII-350Y/72.5-10191W","","","no transformer I","","72.5","","","Y","III","skip"
"E-V260050","CV","CVIII-350D/40.5-12233W","CV2III-350D/40.5-12233W","CV2III-600D/40.5-12233W | CVIII-350D/40.5-12233W | SVIII-500D/40.5-12233W","","222.22","40.5","500","10","D","III","eligible"
"E-V260051-052","CV","","","","no sold_type","","","","","","","skip"
"E-V260053","CV","CVIII-350Y/72.5-10191W","","","no transformer I","","72.5","","","Y","III","skip"
"E-V260054-063","CV","","","","no sold_type","350","","","","","","skip"
"E-V260064-065","CV","","","","no sold_type","","","","","","","skip"
"E-V260066-067","CV","","","","no sold_type","","","","","","","skip"
"E-V260068-069","CV","","","","no sold_type","","","","","","","skip"
"E-V260070","CV","","","","no sold_type","","","","","","","skip"
"E-V260070","CV","","","","no sold_type","","","","","","","skip"
"E-V260071","CV","CVIII-350D/72.5-10193W","CV2III-350D/72.5-10193W","CV2III-600D/72.5-10193W | CVIII-350D/72.5-10193W | SVIII-500D/72.5-10193W","","52.3","72.5","862","8","D","III","eligible"
"E-V260072","CV","","","","no sold_type","","","","","","","skip"
"E-V260073","CV","CVIII-350Y/72.5-10191W","CV2III-350Y/72.5-10191W","CV2III-600Y/72.5-10191W | CVIII-350Y/72.5-10191W | SVIII-500Y/72.5-10191W","","212","72.5","1182","9","Y","III","eligible"
"E-V260074-075","CV","CVIII-350D/40.5-10193G","CV2III-350D/40.5-10193G","CV2III-600D/40.5-10193G | CVIII-350D/40.5-10193G | SVIII-500D/40.5-10193G","","50.3","40.5","412.5","8","D","III","eligible"
"E-V260076","CV","","","","no sold_type","","","","","","","skip"
"E-V260077","CV","","","","no sold_type","","","","","","","skip"
"E-V260078","CV","CVIII-350/12-233","","","no transformer I","","12","","10","","III","skip"
"E-V260079-080","CV","","","","no sold_type","","","","","","","skip"
"E-V260081-082","CV","","","","no sold_type","","","","","","","skip"
"E-V260083","CV","","","","no sold_type","","","","","","","skip"
"E-V260084","CV","CVIII-350Y/72.5-10191W","CV2III-350Y/72.5-10191W","CV2III-600Y/72.5-10191W | CVIII-350Y/72.5-10191W | SVIII-500Y/72.5-10191W","","334","72.5","1182","9","Y","III","eligible"
"E-V260085","CV","CVIII-350Y/72.5-10191W","CV2III-350Y/72.5-10191W","CV2III-600Y/72.5-10191W | CVIII-350Y/72.5-10191W | SVIII-500Y/72.5-10191W","","212","72.5","1182","9","Y","III","eligible"
"E-V260086","CV","CVIII-350Y/72.5-10191W","CV2III-350Y/72.5-10191W","CV2III-600Y/72.5-10191W | CVIII-350Y/72.5-10191W | SVIII-500Y/72.5-10191W","","133","72.5","1182","9","Y","III","eligible"
"E-V260087-088","CV","","","","no sold_type","","","","9","","","skip"
"E-V260089","CV","","","","no sold_type","","","","","","","skip"
"E-V260090","CV","CVIII-350D/72.5-10193W","CV2III-350D/72.5-10193W","CV2III-600D/72.5-10193W | CVIII-350D/72.5-10193W | SVIII-500D/72.5-10193W","","80.5","72.5","862.5","8","D","III","eligible"
"E-V260091-092","CV","","","","no sold_type","","","","","","","skip"
"E-V260093-094","CV","CVIII-350D/72.5-10193W","CV2III-350D/72.5-10193W","CV2III-600D/72.5-10193W | CVIII-350D/72.5-10193W | SVIII-500D/72.5-10193W","","230","72.5","578","8","D","III","eligible"
"E-V260095-096","CV","","","","no sold_type","","","","","","","skip"
"E-V260097","CV","CVIII-350Y/72.5-10191W","CV2III-350Y/72.5-10191W","CV2III-600Y/72.5-10191W | CVIII-350Y/72.5-10191W | SVIII-500Y/72.5-10191W","","84.9","72.5","1182","9","Y","III","eligible"
"E-V260098-099","CV","CVIII-350D/72.5-10193G","","","no transformer I","","72.5","","","D","III","skip"
"E-V260100","CV","CVIII-350Y/40.5-10193W","CV2III-350Y/40.5-10193W","CV2III-600Y/40.5-10193W | CVIII-350Y/40.5-10193W | SVIII-500Y/40.5-10193W","","218.7","40.5","158.77","8","Y","III","eligible"
"E-V260101","CV","","","","no sold_type","","","","","","","skip"
"E-V260102-103","CV","CVIII-350Y/72.5-10193W","CV2III-350Y/72.5-10193W","CV2III-600Y/72.5-10193W | CVIII-350Y/72.5-10193W | SVIII-500Y/72.5-10193W","","281","72.5","0","8","Y","III","eligible"
"E-V260104","CV","CVIII-350D/72.5-14131W","CV2III-350D/72.5-14131W","CV2III-600D/72.5-14131W | CVIII-350D/72.5-14131W | SVIII-500D/72.5-14131W","","67.09","72.5","862.5","6","D","III","eligible"
"E-V260105-106","CV","CVIII-350D/72.5-10173G","CV2III-350D/72.5-16151G","CV2III-600D/72.5-16151G | CVIII-350D/72.5-16151G | SVIII-500D/72.5-16151G","","71.6","72.5","693","7","D","III","eligible"
"E-V260107","CV","CVIII-350Y/72.5-10173G","CV2III-350Y/72.5-16151G","CV2III-600Y/72.5-16151G | CVIII-350Y/72.5-16151G | SVIII-500Y/72.5-16151G","","62.1","72.5","400.1","7","Y","III","eligible"
"E-V260108-109","CV","CVIII-350Y/72.5-10173G","CV2III-350Y/72.5-16151G","CV2III-600Y/72.5-16151G | CVIII-350Y/72.5-16151G | SVIII-500Y/72.5-16151G","","99.3","72.5","400.1","7","Y","III","eligible"
"E-V260110-113","CV","CVIII-350D/40.5-12231G","CV2III-350D/40.5-12231G","CV2III-600D/40.5-12231G | CVIII-350D/40.5-12231G | SVIII-500D/40.5-12231G","","59.4","40.5","472.5","11","D","III","eligible"
"E-V260114-116","CV","CVIII-350Y/40.5-12231G","CV2III-350Y/40.5-12231G","CV2III-600Y/40.5-12231G | CVIII-350Y/40.5-12231G | SVIII-500Y/40.5-12231G","","109.8","40.5","272.8","11","Y","III","eligible"
"E-V260117","CV","CVIII-350Y/40.5-12231G","CV2III-350Y/40.5-12231G","CV2III-600Y/40.5-12231G | CVIII-350Y/40.5-12231G | SVIII-500Y/40.5-12231G","","219.5","40.5","272.8","11","Y","III","eligible"
"E-V260118","CV","3xCVIII-350Y/72.5-10193W","CV2III-350Y/72.5-10193W","CV2III-600Y/72.5-10193W | CVIII-350Y/72.5-10193W | SVIII-500Y/72.5-10193W","","87.5","72.5","1134.5","8","Y","III","oil-vs-vac"
"E-V260119","CV","CVIII-350Y/72.5-10191W","","","no transformer I","","72.5","","","Y","III","skip"
"E-V260120-121","CV","CVIII-350Y/72.5-10191W","","","no transformer I","","72.5","","","Y","III","skip"
"E-V260124-125","CV","","","","no sold_type","","","","","","","skip"
"E-V260126-127","CV","","","","no sold_type","239","","1181.8","9","","","skip"
"E-V260128-129","CV","","","","no sold_type","","","","","","","skip"
"E-V260130-131","CV","CVIII-350Y/72.5-10191W","CV2III-350Y/72.5-10191W","CV2III-600Y/72.5-10191W | CVIII-350Y/72.5-10191W | SVIII-500Y/72.5-10191W","","212","72.5","1182","9","Y","III","eligible"
"E-V260132-133","CV","CVIII-350D/40.5-10193G","CV2III-350D/40.5-10193G","CV2III-600D/40.5-10193G | CVIII-350D/40.5-10193G | SVIII-500D/40.5-10193G","","227.3","40.5","431.2","8","D","III","eligible"
"E-V260134-135","CV","CVIII-350Y/72.5-10193W","CV2III-350Y/72.5-10193W","CV2III-600Y/72.5-10193W | CVIII-350Y/72.5-10193W | SVIII-500Y/72.5-10193W","","176","72.5","303","8","Y","III","eligible"
"E-V260136-137","CV","CVIII-350Y/72.5-10191W","CV2III-350Y/72.5-10191W","CV2III-600Y/72.5-10191W | CVIII-350Y/72.5-10191W | SVIII-500Y/72.5-10191W","","334","72.5","1182","9","Y","III","eligible"
"E-V260138-139","CV","","","","no sold_type","","","","","","","skip"
"E-V260140","CV","CVIII-350Y/72.5-10191W","CV2III-350Y/72.5-10191W","CV2III-600Y/72.5-10191W | CVIII-350Y/72.5-10191W | SVIII-500Y/72.5-10191W","","133","72.5","1182","9","Y","III","eligible"
"E-V260141","CV","CVI-700Y/72.5-10070","CV2I-350/72.5-10070","CV2I-600/72.5-10070 | CVI-350/72.5-10070 | CVI-700/72.5-10070","","269.27","72.5","769.5","","Y","I","eligible"
"E-V260143","CV","","","","no sold_type","","","","","","","skip"
"E-V260144","CV","","","","no sold_type","148.15","","250","","","","skip"
"E-V260145","CV","CVIII-350Y/72.5-10191W","CV2III-350Y/72.5-10191W","CV2III-600Y/72.5-10191W | CVIII-350Y/72.5-10191W | SVIII-500Y/72.5-10191W","","133","72.5","1182","9","Y","III","eligible"
"E-V260146-147","CV","CVIII-350Y/72.5-10191W","CV2III-350Y/72.5-10191W","CV2III-600Y/72.5-10191W | CVIII-350Y/72.5-10191W | SVIII-500Y/72.5-10191W","","212","72.5","1182","9","Y","III","eligible"
"E-V260148-149","CV","CVIII-350Y/72.5-10191W","CV2III-350Y/72.5-10191W","CV2III-600Y/72.5-10191W | CVIII-350Y/72.5-10191W | SVIII-500Y/72.5-10191W","","334","72.5","1182","9","Y","III","eligible"
"E-V260150","CV","CVIII-350D/40.5-10090","CV2III-350D/40.5-10090","CV2III-600D/40.5-10090 | CVIII-350D/40.5-10090 | SVIII-500D/40.5-10090","","178.3","40.5","825","","D","III","eligible"
"E-V260151","CV","SVIII-500D/40.5-10193W","","","no transformer I","","40.5","","","D","III","skip"
"E-V260152","CV","CVIII-350D/40.5-1","","","no transformer I","","40.5","","","D","III","skip"
"E-V260153-154","CV","","","","no sold_type","","","","","","","skip"
"E-V260155","CV","CVIII-350Y/72.5-10191W","CV2III-350Y/72.5-10191W","CV2III-600Y/72.5-10191W | CVIII-350Y/72.5-10191W | SVIII-500Y/72.5-10191W","","80","72.5","1182","9","Y","III","eligible"
"E-V260156-157","CV","CVIII-350Y/72.5-10191W","CV2III-350Y/72.5-10191W","CV2III-600Y/72.5-10191W | CVIII-350Y/72.5-10191W | SVIII-500Y/72.5-10191W","","334","72.5","1182","9","Y","III","eligible"
"E-V260158-159","CV","CVIII-350Y/72.5-10191W","CV2III-350Y/72.5-10191W","CV2III-600Y/72.5-10191W | CVIII-350Y/72.5-10191W | SVIII-500Y/72.5-10191W","","21.2","72.5","1182","9","Y","III","eligible"
"E-V260160-161","CV","CVIII-350Y/72.5-10193W","CV2III-350Y/72.5-10193W","CV2III-600Y/72.5-10193W | CVIII-350Y/72.5-10193W | SVIII-500Y/72.5-10193W","","267","72.5","318","8","Y","III","eligible"
"E-V260162","CV","","","","no sold_type","","","","","","","skip"
"E-V260163-164","CV","CVIII-350D/40.5-10193W","","","no transformer I","","40.5","","","D","III","skip"
"E-V260165","CV","","","","no sold_type","","","","","","","skip"
"E-V260166","CV","CVIII-350D/40.5-10193W","","","no transformer I","","40.5","","","D","III","skip"
"E-V260167-168","CV","CVIII-350D/40.5-14271W","","","no transformer I","","40.5","","","D","III","skip"
"E-V260169","CV","CVIII-350Y/40.5-10193W","CV2III-350Y/40.5-10193W","CV2III-600Y/40.5-10193W | CVIII-350Y/40.5-10193W | SVIII-500Y/40.5-10193W","","267","40.5","318","8","Y","III","eligible"
"E-V260170-178","CV","","","","no sold_type","320","","","","","","skip"
"E-V260179","CV","","","","no sold_type","","","","","","","skip"
"E-V260180","CV","CVIII-350Y/72.5-10090","CV2III-350Y/72.5-10090","CV2III-600Y/72.5-10090 | CVIII-350Y/72.5-10090 | SVIII-500Y/72.5-10090","","114.2","72.5","454.7","","Y","III","eligible"
"E-V260181","CV","CVIII-350Y/72.5-10193W","CV2III-350Y/72.5-10193W","CV2III-600Y/72.5-10193W | CVIII-350Y/72.5-10193W | SVIII-500Y/72.5-10193W","","167","72.5","318","8","Y","III","eligible"
"E-V260182","CV","CVIII-350Y/72.5-10191W","CV2III-350Y/72.5-10191W","CV2III-600Y/72.5-10191W | CVIII-350Y/72.5-10191W | SVIII-500Y/72.5-10191W","","53","72.5","1182","9","Y","III","eligible"
"E-V260183-184","CV","CVIII-350Y/40.5-10193W","CV2III-350Y/40.5-10193W","CV2III-600Y/40.5-10193W | CVIII-350Y/40.5-10193W | SVIII-500Y/40.5-10193W","","267","40.5","318","8","Y","III","eligible"
"E-V260185","CV","CVIII-350Y/40.5-10193W","CV2III-350Y/40.5-10193W","CV2III-600Y/40.5-10193W | CVIII-350Y/40.5-10193W | SVIII-500Y/40.5-10193W","","267","40.5","318","8","Y","III","eligible"
"E-V260186-187","CV","CVIII-350Y/72.5-10191W","CV2III-350Y/72.5-10191W","CV2III-600Y/72.5-10191W | CVIII-350Y/72.5-10191W | SVIII-500Y/72.5-10191W","","212","72.5","1182","9","Y","III","eligible"
"E-V260188-197","CV","","","","no sold_type","","","","","","","skip"
"E-V260198-199","CV","CVIII-350Y/72.5-10191W","CV2III-350Y/72.5-10191W","CV2III-600Y/72.5-10191W | CVIII-350Y/72.5-10191W | SVIII-500Y/72.5-10191W","","53","72.5","1182","9","Y","III","eligible"
"E-V260200-202","CV","","","","no sold_type","","","","","","","skip"
"E-V260203","CV","CVIII-350Y/72.5-10191W","CV2III-350Y/72.5-10191W","CV2III-600Y/72.5-10191W | CVIII-350Y/72.5-10191W | SVIII-500Y/72.5-10191W","","149.45","72.5","1181.84","9","Y","III","eligible"
"E-V260204","CV","CVIII-350Y/40.5-12111W","","","no transformer I","","40.5","","","Y","III","skip"
"E-V260205-206","CV","CVIII-350D/72.5-10193W","CV2III-350D/72.5-10193W","CV2III-600D/72.5-10193W | CVIII-350D/72.5-10193W | SVIII-500D/72.5-10193W","","50.3","72.5","862.5","8","D","III","eligible"
"E-V260207-208","CV","CVIII-350Y/72.5-10193W","CV2III-350Y/72.5-10193W","CV2III-600Y/72.5-10193W | CVIII-350Y/72.5-10193W | SVIII-500Y/72.5-10193W","","167","72.5","318","8","Y","III","eligible"
"E-V260209","CV","CVIII-350Y/72.5-10191W","CV2III-350Y/72.5-10191W","CV2III-600Y/72.5-10191W | CVIII-350Y/72.5-10191W | SVIII-500Y/72.5-10191W","","132.6","72.5","1180","9","Y","III","eligible"
"E-V260210-211","CV","CVIII-350Y/72.5-10191W","CV2III-350Y/72.5-10191W","CV2III-600Y/72.5-10191W | CVIII-350Y/72.5-10191W | SVIII-500Y/72.5-10191W","","133","72.5","1182","9","Y","III","eligible"
"E-V260212-214","CV","","","","no sold_type","","","","","","","skip"
"E-V260215-216","CV","CVIII-350D/40.5-10193W","CV2III-350D/40.5-10193W","CV2III-600D/40.5-10193W | CVIII-350D/40.5-10193W | SVIII-500D/40.5-10193W","","333.09","40.5","500","8","D","III","eligible"
"E-V260217-218","CV","","","","no sold_type","","","","","","","skip"
"E-V260219","CV","","","","no sold_type","","","","","","","skip"
"E-V260220","CV","","","","no sold_type","","","","","","","skip"
"E-V260221-222","CV","SVIII-500Y/72.5-10193W","CV2III-600Y/72.5-10193W","SVIII-500Y/72.5-10193W | CM2III-500Y/72.5B-10193W | CM2III-600Y/72.5B-10193W","","446.7","72.5","0","8","Y","III","eligible"
"E-V260223","CV","CVIII-350Y/72.5-10191W","CV2III-350Y/72.5-10191W","CV2III-600Y/72.5-10191W | CVIII-350Y/72.5-10191W | SVIII-500Y/72.5-10191W","","334","72.5","1209","9","Y","III","eligible"
"E-V260224-229","CV","","","","no sold_type","","","","","","","skip"
"E-V260230-231","CV","","","","no sold_type","","","","","","","skip"
"E-V260232","CV","","","","no sold_type","","","","","","","skip"
"E-V260233","CV","","","","no sold_type","","","","","","","skip"
"E-V260234","CV","CVIII-350Y/72.5-10193W","","","no transformer I","","72.5","318","8","Y","III","skip"
"E-V260235-236","CV","CVIII-350Y/72.5-10191W","CV2III-350Y/72.5-10191W","CV2III-600Y/72.5-10191W | CVIII-350Y/72.5-10191W | SVIII-500Y/72.5-10191W","","212","72.5","1182","9","Y","III","eligible"
"E-V260237-238","CV","CVIII-350Y/72.5-10191W","CV2III-350Y/72.5-10191W","CV2III-600Y/72.5-10191W | CVIII-350Y/72.5-10191W | SVIII-500Y/72.5-10191W","","133","72.5","1187","9","Y","III","eligible"
"E-V260239","CV","CVIII-350D/40.5-1","","","no transformer I","","40.5","","","D","III","skip"
"E-V260240","CV","CVIII-350D/40.5-1","","","no transformer I","","40.5","","","D","III","skip"
"E-V260241","CV","CVIII-350Y/72.5-10191W","CV2III-350Y/72.5-10191W","CV2III-600Y/72.5-10191W | CVIII-350Y/72.5-10191W | SVIII-500Y/72.5-10191W","","334","72.5","1182","9","Y","III","eligible"
"E-V260242-244","CV","CVIII-350D/40.5-14131W","CV2III-350D/40.5-14131W","CV2III-600D/40.5-14131W | CVIII-350D/40.5-14131W | SVIII-500D/40.5-14131W","","138.8","40.5","498.5","6","D","III","eligible"
"E-V260245-248","CV","CVIII-350Y/72.5-12233W","CV2III-350Y/72.5-12233W","CV2III-600Y/72.5-12233W | CVIII-350Y/72.5-12233W | SVIII-500Y/72.5-12233W","","267.3","72.5","433","10","Y","III","eligible"
"E-V260249-250","CV","","","","no sold_type","","","","","","","skip"
"E-V260251-252","CV","","","","no sold_type","","","","","","","skip"
"E-V260253-256","CV","","","","no sold_type","","","","","","","skip"
"E-V260257-260","CV","","","","no sold_type","","","","","","","skip"
"E-V260261-268","CV","","","","no sold_type","","","","","","","skip"
"E-V260269","CV","CVIII-350D/40.5-14271W","CVIII-350D/40.5-14271W","CM2III-500D/72.5B-14271W | CM2III-600D/72.5B-14271W | SHZVIII-400D/72.5B-14271W","","197.95","40.5","202","13","D","III","exact"
"E-V260270","CV","CVIII-350D/40.5-10090","","","no transformer I","","40.5","","","D","III","skip"
"E-V260271","CV","CVIII-350D/72.5-14271G","CVIII-350D/72.5-14271G","CM2III-500D/72.5B-14271G | CM2III-600D/72.5B-14271G | SHZVIII-400D/72.5B-14271G","","250","72.5","475","13","D","III","exact"
"E-V260272","CV","CVIII-350Y/72.5-10191W","","","no transformer I","","72.5","","","Y","III","skip"
"E-V260273-275","CV","CVIII-350Y/72.5-10191W","","","no transformer I","","72.5","","","Y","III","skip"
"E-V260276-277","CV","","","","no sold_type","","","","","","","skip"
"E-V260278","CV","CVIII-350Y/72.5-10193W","CV2III-350Y/72.5-10193W","CV2III-600Y/72.5-10193W | CVIII-350Y/72.5-10193W | SVIII-500Y/72.5-10193W","","176","72.5","303","8","Y","III","eligible"
"E-V260279","CV","CVIII-350Y/72.5-10191W","CV2III-350Y/72.5-10191W","CV2III-600Y/72.5-10191W | CVIII-350Y/72.5-10191W | SVIII-500Y/72.5-10191W","","53","72.5","1182","9","Y","III","eligible"
"E-V260280-281","CV","","","","no sold_type","","","","9","","","skip"
"E-V260282","CV","SVIII-500Y/40.5-10193W","CV2III-600Y/40.5-10193W","SVIII-500Y/40.5-10193W | CM2III-500Y/72.5B-10193W | CM2III-600Y/72.5B-10193W","","417.8","40.5","417.8","8","Y","III","eligible"
"E-V260283-285","CV","","","","no sold_type","","","","","","","skip"
"E-V260286-289","CV","CVIII-350Y/72.5-10193W","CV2III-350Y/72.5-10193W","CV2III-600Y/72.5-10193W | CVIII-350Y/72.5-10193W | SVIII-500Y/72.5-10193W","","267","72.5","318","8","Y","III","eligible"
"E-V260290","CV","CVIII-350Y/40.5-12111W","CV2III-350Y/40.5-12111W","CV2III-600Y/40.5-12111W | CVIII-350Y/40.5-12111W | SVIII-500Y/40.5-12111W","","223.9","40.5","158.77","5","Y","III","eligible"
"E-V260291","CV","SVIII-500D/40.5-12231W","CV2III-600D/40.5-12231W","SVIII-500D/40.5-12231W | CM2III-500D/72.5B-12231W | CM2III-600D/72.5B-12231W","","400","40.5","260","11","D","III","eligible"
"E-V260292","CV","CVIII-350Y/72.5-10191W","CV2III-350Y/72.5-10191W","CV2III-600Y/72.5-10191W | CVIII-350Y/72.5-10191W | SVIII-500Y/72.5-10191W","","133","72.5","1182","9","Y","III","eligible"
"E-V260293","CV","CVI-350/40.5-10100W","","","no transformer I","","40.5","","","","I","skip"
"E-V260294","CV","CVIII-350D/40.5-10090","CV2III-350D/40.5-10090","CV2III-600D/40.5-10090 | CVIII-350D/40.5-10090 | SVIII-500D/40.5-10090","","11.2","40.5","825","","D","III","eligible"
"E-V260296","CV","CVIII-350Y/72.5-10191W","CV2III-350Y/72.5-10191W","CV2III-600Y/72.5-10191W | CVIII-350Y/72.5-10191W | SVIII-500Y/72.5-10191W","","133","72.5","1182","9","Y","III","eligible"
"E-V260297-300","CV","","","","no sold_type","","","","","","","skip"
"E-CVT260001","CVT","CVTIII-160D/12-0909","CVTIII-160D/12-10091W","CVTIII-200D/12-10091W | CZIII-500D/40.5-9 | CZIII-600D/40.5-9","","92.59","12","250","4","D","III","family-i-um"
"E-CVT260002-005","CVT","","","","no sold_type","119.9","","275","","","","skip"
"E-CVT260006","CVT","CVTIII-200D/12-0909","","","Parameters out of catalogue range (current, Um, step voltage, or positions).","88.88","12","500","","D","III","miss"
"E-CVT260007","CVT","","","","no sold_type","","","","","","","skip"
"E-CZ260001","CZ","3xCZI-500/40.5-7","CZI-500/40.5-7","CZI-600/40.5-7","","197","40.5","700","","Y","I","family-i-um"
"E-CZ260002-003","CZ","3xCZI-500/40.5-9","CZI-500/40.5-9","CZI-600/40.5-9","","56.1","40.5","825","","Y","I","family-i-um"
"E-CZ260004","CZ","3xCZI-500/40.5-17","","","no transformer I","","40.5","","","","I","skip"
"E-CZ260005-006","CZ","3xCZI-500/40.5-5","CZI-500/40.5-5","CZI-600/40.5-5","","173.6","40.5","530","","Y","I","family-i-um"
"E-CZ260007","CZ","3xCZI-500/40.5-9","CZI-500/40.5-9","CZI-600/40.5-9","","17.5","40.5","893","","Y","I","family-i-um"
"E-CZ260008-009","CZ","3xCZI-500/40.5-17","CZI-500/40.5-17","CZI-600/40.5-17","","25.3","40.5","375","","Y","I","family-i-um"
"E-CZ260010-011","CZ","","","","no sold_type","","","","","","","skip"
"E-CZ260012","CZ","3xCZI-500/40.5-17","","","no transformer I","","40.5","","17","","I","skip"
"E-CZ260013-014","CZ","","","","no sold_type","115.47","","505","4","","","skip"
"E-CZ260015","CZ","","","","no sold_type","","","","","","","skip"
"E-CZ260016","CZ","3xCZI-500/40.5-9","CZI-500/40.5-9","CZI-600/40.5-9","","183","40.5","500","","Y","I","family-i-um"
"E-CZ260017-018","CZ","","","","no sold_type","111.89","","359.69","4","","","skip"
"E-HWV260001","HWV","HWVIII-400Y/17.5-18353W","HWVIII-400Y/17.5-18353W","HWVIII-800Y/17.5-18353W | 3xHWVI-400/17.5-18353W | 3xHWVI-800/17.5-18353W","","117.14","17.5","431.25","16","Y","III","exact"
"E-HWV260002","HWV","HWVI-800Y/40.5-10193W","HWVI-800/40.5-10193W","HWVI-1000/40.5-10193W","","460","40.5","0","8","Y","I","exact"
"E-HWV260003","HWV","HWVIII-400D/72.5-18170","HWVIII-400D/72.5-18170","HWVIII-800D/72.5-18170 | 3xHWVI-400/72.5-18170 | 3xHWVI-800/72.5-18170","","102.9","72.5","825","","D","III","exact"
"E-HWV260004","HWV","HWVIII-800D/40.5-10193W","","","no transformer I","","40.5","","","D","III","skip"
"E-HWV260005","HWV","","","","no sold_type","149.4","","1182","9","","","skip"
"E-HWV260006","HWV","HWVIII-400Y/17.5-18353W","HWVIII-400Y/17.5-18353W","HWVIII-800Y/17.5-18353W | 3xHWVI-400/17.5-18353W | 3xHWVI-800/17.5-18353W","","117.14","17.5","431.25","16","Y","III","exact"
"E-HWV260007-008","HWV","HWVIII-1000D/40.5-1","HWVIII-1000D/40.5-10010","3xHWVI-1000/40.5-10010","","821.61","40.5","0","","D","III","family-i-um"
"E-SHZV260001","SHZV","SHZVIII-1000Y/126D-10193W","","","no transformer I","","126","","","Y","III","skip"
"E-SHZV260002","SHZV","SHZVIII-600Y/170D-14273G","CM2III-500Y/170D-14273G","CM2III-600Y/170D-14273G | SHZVIII-400Y/170D-14273G | SHZVIII-600Y/170D-14273G","","384.1","170","2857.9","12","Y","III","eligible"
"E-SHZV260003-009","SHZV","SHZVIII-1000Y/126D-10183W","","","no transformer I","","126","2500","","Y","III","skip"
"E-SHZV260010-013","SHZV","SHZVIII-1000Y/126D-10183W","","","no transformer I","","126","2500","","Y","III","skip"
"E-SHZV260014","SHZV","","","","no sold_type","","","","","","","skip"
"E-SHZV260015-019","SHZV","SHZVIII-1000Y/72.5C-10193G","SHZVIII-1000Y/72.5B-10193G","SHZVGIII-1300Y/72.5B-10193G | SHZVGIII-1500Y/72.5B-10193G | 3xCM2I-1200/72.5B-10193G","","787.3","72.5","238.2","8","Y","III","family-i-um"
"E-SHZV260020","SHZV","","","","no sold_type","615.84","","187.5","","","","skip"
"E-SHZV260021-022","SHZV","SHZVIII-600Y/126D-14273G","CM2III-500Y/126C-14273G","CM2III-600Y/126C-14273G | SHZVIII-400Y/126C-14273G | SHZVIII-600Y/126C-14273G","","180.4","126","2886.8","12","Y","III","eligible"
"E-SHZV260023","SHZV","","","","no sold_type","","","","","","","skip"
"E-SHZV260024-043","SHZV","SHZVIII-1000Y/72.5B-10191W","","","no transformer I","","72.5","","","Y","III","skip"
"E-SHZV260044-045","SHZV","SHZVIII-600Y/126D-14273G","CM2III-500Y/126C-14273G","CM2III-600Y/126C-14273G | SHZVIII-400Y/126C-14273G | SHZVIII-600Y/126C-14273G","","180.4","126","2886.8","12","Y","III","eligible"
"E-SHZV260046","SHZV","","","","no sold_type","","","","","","","skip"
"E-SHZV260047-48","SHZV","SHZVIII-1000Y/72.5B-10193G","","","no transformer I","","72.5","","","Y","III","skip"
"E-SHZV260049","SHZV","SHZVIII-1300Y/72.5D-12233G","SHZVGIII-1300Y/72.5B-12233G","SHZVGIII-1500Y/72.5B-12233G | 3xCM2I-1200/72.5B-12233G | 3xCM2I-1500/72.5B-12233G","","1033.3","72.5","1039.2","10","Y","III","miss"
"E-SHZV260050-051","SHZV","SHZVIII-400Y/72.5C-1223","CM2III-500Y/72.5B-10193W","CM2III-600Y/72.5B-10193W | SHZVIII-400Y/72.5B-10193W | SHZVIII-600Y/72.5B-10193W","","196.8","72.5","2540.3","","Y","III","eligible"
"E-SHZV260052-073","SHZV","SHZVIII-1000Y/126D-10183W","","","no transformer I","","126","2500","","Y","III","skip"
"E-SHZV260074-075","SHZV","","","","no sold_type","1321","","2584","6","","","skip"
"E-SHZV260076-077","SHZV","SHZVIII-600Y/72.5-18353W","CM2III-500Y/72.5B-18353W","CM2III-600Y/72.5B-18353W | SHZVIII-400Y/72.5B-18353W | SHZVIII-600Y/72.5B-18353W","","346.4","72.5","1991.9","16","Y","III","eligible"
"E-SHZV260079","SHZV","SHZVIII-1000Y/72.5B-12233W","","","no transformer I","","72.5","","","Y","III","skip"
"E-SHZV260080","SHZV","SHZVIII-1000Y/126C-14273G","SHZVIII-1000Y/126C-14273G","SHZVGIII-1300Y/126C-14273G | SHZVGIII-1500Y/126C-14273G | 3xCM2I-800/126C-14273G","","754","126","952","12","Y","III","exact"
"E-SHZV260081","SHZV","SHZVIII-1000Y/72.5C-12111W","","","no transformer I","","72.5","","","Y","III","skip"
"E-SHZV260082","SHZV","","","","no sold_type","1321","","2584","6","","","skip"
"E-SHZV260083-088","SHZV","3xSHZVI-2400Y/72.5D-10193","","","no transformer I","","72.5","","","Y","I","skip"
"E-SHZV260089-090","SHZV","SHZVIII-1000Y/72.5B-18170","SHZVIII-1000Y/72.5B-18170","SHZVGIII-1300Y/72.5B-18170 | SHZVGIII-1500Y/72.5B-18170 | 3xCM2I-800/72.5B-18170","","721.7","72.5","1157.7","","Y","III","exact"
"E-SHZV260091-092","SHZV","","","","no sold_type","747.16","","1299.04","","","","skip"
"E-SHZV260093-094","SHZV","SHZVIII-1000Y/72.5C-12111W","SHZVIII-1000Y/72.5B-12111W","SHZVGIII-1300Y/72.5B-12111W | SHZVGIII-1500Y/72.5B-12111W | 3xCM2I-800/72.5B-12111W","","673.8","72.5","1969","5","Y","III","family-i-um"
"E-SHZV260095-098","SHZV","SHZVIII-1000Y/72.5C-10193W","CM2III-600Y/72.5B-10193W","SHZVIII-600Y/72.5B-10193W | SHZVIII-1000Y/72.5B-10193W | SHZVGIII-1300Y/72.5B-10193W","","571","72.5","1624","8","Y","III","eligible"
"E-SHZV260099-100","SHZV","SHZVIII-400Y/252D-14273W","CM2III-500Y/252D-14273W","CM2III-600Y/252D-14273W | SHZVIII-400Y/252D-14273W | SHZVIII-600Y/252D-14273W","","194.5","252","1588","12","Y","III","eligible"
"E-SHZV260101","SHZV","SHZVIII-1000Y/72.5C-12111W","SHZVIII-1000Y/72.5B-12111W","SHZVGIII-1300Y/72.5B-12111W | SHZVGIII-1500Y/72.5B-12111W | 3xCM2I-1200/72.5B-12111W","","827.1","72.5","2511","5","Y","III","family-i-um"
"E-SHZV260102","SHZV","3xSHZVI-1200/300D-12111W","SHZVI-1200/300DE-12111W","SHZVI-1500/300DE-12111W | SHZVGI-1300/300DE-12111W | SHZVGI-3000/300DE-12111W","","996.1","300","1860","5","Y","I","family-i-um"
"E-SHZV260103","SHZV","SHZVIII-600Y/170D-12233G","","","no transformer I","","170","2878","10","Y","III","skip"
"E-SHZV260104","SHZV","SHZVIII-1000Y/72.5B-14273W","SHZVIII-1000Y/72.5B-14273W","SHZVGIII-1300Y/72.5B-14273W | SHZVGIII-1500Y/72.5B-14273W | 3xCM2I-800/72.5B-14273W","","654.3","72.5","866.03","12","Y","III","exact"
"E-SHZV260105","SHZV","SHZVIII-1000Y/72.5C-14271W","CM2III-500Y/72.5B-14271W","CM2III-600Y/72.5B-14271W | SHZVIII-600Y/72.5B-14271W | SHZVIII-1000Y/72.5B-14271W","","446.1","72.5","1270","13","Y","III","eligible"
"E-SHZV260106","SHZV","SHZVI-1000/126D-10191W","","","no transformer I","","126","","","","I","skip"
"E-SHZV260107-108","SHZV","SHZVIII-600Y/126D-14273G","CM2III-500Y/126C-14273G","CM2III-600Y/126C-14273G | SHZVIII-400Y/126C-14273G | SHZVIII-600Y/126C-14273G","","180.4","126","2886.8","12","Y","III","eligible"
"E-SHZV260109-113","SHZV","SHZVIII-600Y/126D-14273G","CM2III-500Y/126C-14273G","CM2III-600Y/126C-14273G | SHZVIII-400Y/126C-14273G | SHZVIII-600Y/126C-14273G","","180.4","126","2886.8","12","Y","III","eligible"
"E-SHZV260114","SHZV","","","","no sold_type","546.7","","1524.2","","","","skip"
"E-SHZV260116","SHZV","SHZVIII-600Y/126D-14273G","CM2III-500Y/126C-14273G","CM2III-600Y/126C-14273G | SHZVIII-400Y/126C-14273G | SHZVIII-600Y/126C-14273G","","180.4","126","2886.8","12","Y","III","eligible"
"E-SHZV260117-119","SHZV","SHZVIII-1000Y/72.5B-10191W","","","no transformer I","","72.5","","","Y","III","skip"
"E-SHZV260120-125","SHZV","SHZVIII-600Y/126D-14273G","CM2III-500Y/126C-14273G","CM2III-600Y/126C-14273G | SHZVIII-400Y/126C-14273G | SHZVIII-600Y/126C-14273G","","180.4","126","2886.8","12","Y","III","eligible"
"E-SHZV260129-130","SHZV","SHZVIII-1000Y/72.5B-12111W","SHZVIII-1000Y/72.5B-12111W","SHZVGIII-1300Y/72.5B-12111W | SHZVGIII-1500Y/72.5B-12111W | 3xCM2I-800/72.5B-12111W","","631.8","72.5","1905","5","Y","III","exact"
"E-SHZV260131","SHZV","SHZVIII-1000Y/72.5B-18353W","SHZVIII-1000Y/72.5B-18353W","SHZVGIII-1300Y/72.5B-18353W | SHZVGIII-1500Y/72.5B-18353W | 3xCM2I-800/72.5B-18353W","","734.47","72.5","49.796","16","Y","III","exact"
"E-SHZV260132","SHZV","SHZVIII-1000Y/170D-12233W","SHZVIII-1000Y/170D-12233W","SHZVGIII-1300Y/170D-12233W | SHZVGIII-1500Y/170D-12233W | 3xCM2I-800/170D-12233W","","720","170","1588","10","Y","III","exact"
"E-SHZV260133","SHZV","","","","no sold_type","","","","","","","skip"
"E-S260001-002","SY","SYXZZ-40.5-200-9","","","unparsed sold_type","","40.5","","","","","skip"
"E-S260003-008","SY","SYXZZ-40.5-200-9","","","unparsed sold_type","","40.5","","","","","skip"
"E-S260009-018","SY","SYXZZ-40.5-200-9","","","unparsed sold_type","","40.5","","","","","skip"
"E-S260019-028","SY","SYXZZ-40.5-200-9","","","unparsed sold_type","","40.5","","","","","skip"
"E-S260029","SY","SYXZZ-40.5-20-0","","","unparsed sold_type","109.5","40.5","505","4","","","skip"
"E-S260029","SY","SYXZZ-40.5-20-0","","","unparsed sold_type","109.5","40.5","505","4","","","skip"
"E-S260030-031","SY","SYXZZ-40.5-20-0","","","unparsed sold_type","109","40.5","505","4","","","skip"
"E-S260032-033","SY","WDGV-800/40.5-6x5","","","unparsed sold_type","","40.5","","","","V","skip"
"E-S260034","SY","","","","no sold_type","","","","","","","skip"
"E-S260035-036","SY","SYXZZ-40.5-20-0","","","unparsed sold_type","45.8","40.5","510","4","","","skip"
"E-S260037-038","SY","SYXZZ-40.5-20-0","","","unparsed sold_type","73.3","40.5","510","4","","","skip"
"E-S260039-040","SY","SYXZZ-40.5-20-0","","","unparsed sold_type","115.5","40.5","510","4","","","skip"
"E-S260041-050","SY","","","","no sold_type","","","","","","","skip"
"E-S260051-053","SY","CVIII-350Y/40.5-10193W","","","no transformer I","","40.5","","","Y","III","skip"
"E-S260054-063","SY","","","","no sold_type","","","","","","","skip"
"E-S260064-065","SY","","","","no sold_type","","","","","","","skip"
"E-S260066","SY","CVIII-350Y/72.5-10191W","","","no transformer I","","72.5","","","Y","III","skip"
"E-S260067-074","SY","","","","no sold_type","","","","","","","skip"
"E-CM2260001-002","VCM","CM2III-500Y/72.5C-12233G","","","no transformer I","","72.5","","","Y","III","skip"
"E-CM2260003-004","VCM","CM2III-500Y/170B-14273G","","","no transformer I","","170","","","Y","III","skip"
"E-CM2260005-008","VCM","CM2III-500Y/170B-14273G","","","no transformer I","","170","","","Y","III","skip"
"E-CM2260009","VCM","CM2III-500Y/170B-18171W","","","no transformer I","","170","","","Y","III","skip"
"E-CM2260010","VCM","CM2III-500Y/72.5B-10193W","CV2III-350Y/72.5-10193W","CV2III-600Y/72.5-10193W | CM2III-500Y/72.5B-10193W | CM2III-600Y/72.5B-10193W","","179.62","72.5","1624","8","Y","III","eligible"
"E-CM2260011-012","VCM","CM2I-500/252D-18353W","CM2I-500/252D-18353W","CM2I-600/252D-18353W | SHZVI-400/252D-18353W | SHZVI-600/252D-18353W","","65","252","1471","16","Y","I","exact"
"E-CM2260013-032","VCM","CM2III-600Y/72.5C-14273G","CM2III-500Y/72.5B-14273G","CM2III-600Y/72.5B-14273G | SHZVIII-400Y/72.5B-14273G | SHZVIII-600Y/72.5B-14273G","","234.3","72.5","1111.4","12","Y","III","family"
"E-CM2260033-067","VCM","CM2III-600Y/72.5C-14273G","CM2III-500Y/72.5B-14273G","CM2III-600Y/72.5B-14273G | SHZVIII-400Y/72.5B-14273G | SHZVIII-600Y/72.5B-14273G","","234.3","72.5","1111.4","12","Y","III","family"
"E-CM2260068-112","VCM","CM2III-600Y/72.5C-14273G","CM2III-500Y/72.5B-14273G","CM2III-600Y/72.5B-14273G | SHZVIII-400Y/72.5B-14273G | SHZVIII-600Y/72.5B-14273G","","374.9","72.5","1111.4","12","Y","III","family"
"E-CM2260113","VCM","CM2III-500Y/72.5B-14271W","CM2III-500Y/72.5B-14271W","CM2III-600Y/72.5B-14271W | SHZVIII-400Y/72.5B-14271W | SHZVIII-600Y/72.5B-14271W","","248.86","72.5","565","13","Y","III","exact"
"E-CM2260115-116","VCM","","","","no sold_type","294.34","","1299.04","","","","skip"
"E-CM2260117","VCM","CM2III-500Y/72.5B-14271W","CM2III-500Y/72.5B-14271W","CM2III-600Y/72.5B-14271W | SHZVIII-400Y/72.5B-14271W | SHZVIII-600Y/72.5B-14271W","","218.69","72.5","381.05","13","Y","III","exact"
"E-CM2260118","VCM","CM2III-300Y/170B-12233W","CM2III-500Y/170D-12233W","CM2III-600Y/170D-12233W | SHZVIII-400Y/170D-12233W | SHZVIII-600Y/170D-12233W","","88","170","1082.5","10","Y","III","family"
"E-CM2260119","VCM","","","","no sold_type","","","","","","","skip"
"E-CM2260120","VCM","3xCM2I-1500/72.5B-10193W","","","no transformer I","","72.5","360","","","I","skip"
"E-CM2260121","VCM","CM2III-500Y/72.5C-14273W","CM2III-500Y/72.5B-14273W","CM2III-600Y/72.5B-14273W | SHZVIII-400Y/72.5B-14273W | SHZVIII-600Y/72.5B-14273W","","264.2","72.5","1328","12","Y","III","family-i-um"
"E-CM2260122","VCM","CM2III-500Y/72.5C-14273W","CM2III-500Y/72.5B-14273W","CM2III-600Y/72.5B-14273W | SHZVIII-400Y/72.5B-14273W | SHZVIII-600Y/72.5B-14273W","","166.5","72.5","1328","12","Y","III","family-i-um"
"E-CM2260123-124","VCM","","","","no sold_type","162.1","","952.6","","","","skip"
"E-CM2260125-126","VCM","CM2III-500Y/170B-14273G","","","no transformer I","","170","","","Y","III","skip"
"E-CM2260127-136","VCM","CM2III-600Y/72.5C-14273G","CM2III-500Y/72.5B-14273G","CM2III-600Y/72.5B-14273G | SHZVIII-400Y/72.5B-14273G | SHZVIII-600Y/72.5B-14273G","","374.9","72.5","1111.4","12","Y","III","family"
"E-CM2260137-138","VCM","CM2III-500Y/126B-14273G","CM2III-500Y/126C-14273G","CM2III-600Y/126C-14273G | SHZVIII-400Y/126C-14273G | SHZVIII-600Y/126C-14273G","","128.6","126","953","12","Y","III","family-i-um"
"E-CM2260139","VCM","CM2III-500Y/126B-12231W","CV2III-600Y/126-12231W","CM2III-500Y/126C-12231W | CM2III-600Y/126C-12231W | SHZVIII-400Y/126C-12231W","","355.4","126","664","11","Y","III","eligible"
"E-CM2260140","VCM","CM2III-500Y/72.5C-14273W","CM2III-500Y/72.5B-14273W","CM2III-600Y/72.5B-14273W | SHZVIII-600Y/72.5B-14273W | SHZVIII-1000Y/72.5B-14273W","","423","72.5","1328","12","Y","III","family-i-um"
"E-CM2260141","VCM","3xCM2I-1500/170B-14131W","CM2I-1500/170D-14131W","SHZVI-1500/170D-14131W | SHZVI-1600/170D-14131W | SHZVGI-3000/170D-14131W","","1356","170","1346","6","Y","I","family-i-um"
"E-CM2260142-143","VCM","CM2I-600/72.5C-12233W","CV2I-350/72.5-12233W","CV2I-600/72.5-12233W | CM2I-500/72.5B-12233W | CM2I-600/72.5B-12233W","","290.9","72.5","800","10","Y","I","eligible"
"E-CM2260144","VCM","CM2III-500Y/72.5B-14271W","CM2III-500Y/72.5B-14271W","CM2III-600Y/72.5B-14271W | SHZVIII-400Y/72.5B-14271W | SHZVIII-600Y/72.5B-14271W","","163.4","72.5","306","13","Y","III","exact"
"E-CM2260145","VCM","CM2III-500Y/72.5B-14273G","CM2III-500Y/72.5B-14273G","CM2III-600Y/72.5B-14273G | SHZVIII-600Y/72.5B-14273G | SHZVIII-1000Y/72.5B-14273G","","453","72.5","433","12","Y","III","exact"
"E-CM2260146-148","VCM","CM2III-500Y/170B-14273G","","","no transformer I","","170","","","Y","III","skip"
"E-CM2260149-150","VCM","CM2III-500Y/170D-12233W","","","no transformer I","","170","","","Y","III","skip"
"E-CM2260151","VCM","3xCM2I-1500/72.5C-16160","CM2I-1500/72.5B-16160","SHZVI-1500/72.5B-16160 | SHZVI-1600/72.5B-16160 | SHZVGI-3000/72.5B-16160","","1429","72.5","1832","","Y","I","family-i-um"
"E-CM2260152","VCM","CM2III-600Y/72.5B-10191W","CV2III-600Y/72.5-10191W","CM2III-600Y/72.5B-10191W | SHZVIII-600Y/72.5B-10191W | SHZVIII-1000Y/72.5B-10191W","","530","72.5","1181","9","Y","III","eligible"
"E-CM2260153","VCM","","","","no sold_type","","","","","","","skip"
"E-CM2260154","VCM","CM2III-500Y/126C-10193W","","","no transformer I","","126","","","Y","III","skip"
"E-CM2260155-157","VCM","CM2I-600Y/170C-12233W","CM2I-800/170D-12233W","CM2I-1200/170D-12233W | SHZVI-1000/170D-12233W | SHZVI-1200/170D-12233W","","591.4","170","1985","10","Y","I","family"
"E-CM2260158","VCM","CM2III-500Y/126C-10193W","","","no transformer I","","126","","","Y","III","skip"
"E-CM2260159","VCM","CM2III-500Y/170C-12233G","CM2III-500Y/170D-12233G","CM2III-600Y/170D-12233G | SHZVIII-400Y/170D-12233G | SHZVIII-600Y/170D-12233G","","271.7","170","1299","10","Y","III","family-i-um"
"E-CM2260160-164","VCM","CM2III-500Y/170C-14273W","","","no transformer I","","170","","","Y","III","skip"
"E-CM2260165-167","VCM","CM2III-500Y/170C-14273W","","","no transformer I","","170","","","Y","III","skip"
"E-CM2260168","VCM","CM2III-500Y/72.5C-18353W","CM2III-500Y/72.5B-18353W","CM2III-600Y/72.5B-18353W | SHZVIII-400Y/72.5B-18353W | SHZVIII-600Y/72.5B-18353W","","238.47","72.5","1437.5","16","Y","III","family-i-um"
"E-CM2260169","VCM","","","","no sold_type","","","","","","","skip"
"E-CM2260170","VCM","CM2III-500Y/72.5B-18353W","","","no transformer I","","72.5","","","Y","III","skip"
"E-CM2260171-180","VCM","CM2III-600Y/72.5C-14273G","CM2III-500Y/72.5B-14273G","CM2III-600Y/72.5B-14273G | SHZVIII-400Y/72.5B-14273G | SHZVIII-600Y/72.5B-14273G","","374.9","72.5","1111.4","12","Y","III","family"
"E-CM2260181","VCM","CM2III-300Y/170B-10191W","CM2III-500Y/170D-10191W","CM2III-600Y/170D-10191W | SHZVIII-400Y/170D-10191W | SHZVIII-600Y/170D-10191W","","109.3","170","1995","9","Y","III","family"
"E-CM2260182","VCM","","","","no sold_type","","","","","","","skip"
"E-CM2260183","VCM","CM2III-500Y/126D-14271G","","","no transformer I","","126","","","Y","III","skip"
"E-CM2260184-203","VCM","CM2III-600Y/72.5C-14273G","CM2III-500Y/72.5B-14273G","CM2III-600Y/72.5B-14273G | SHZVIII-400Y/72.5B-14273G | SHZVIII-600Y/72.5B-14273G","","374.9","72.5","1111.4","12","Y","III","family"
"E-CM2260204","VCM","CM2III-500Y/72.5B-10191W","CV2III-600Y/72.5-10191W","CM2III-500Y/72.5B-10191W | CM2III-600Y/72.5B-10191W | SHZVIII-600Y/72.5B-10191W","","424.2","72.5","1182","9","Y","III","eligible"
"E-CM2260205","VCM","","","","no sold_type","","","","","","","skip"
"E-CM2260206","VCM","","","","no sold_type","257.3","","476.3","","","","skip"
"E-CM2260207","VCM","CM2III-600Y/170B-12233W","CM2III-600Y/170D-12233W","SHZVIII-600Y/170D-12233W | SHZVIII-1000Y/170D-12233W | SHZVGIII-1300Y/170D-12233W","","505.9","170","1082","10","Y","III","family-i-um"
"E-CM2260208","VCM","","","","no sold_type","","","","","","","skip"
"E-CM2260209","VCM","","","","no sold_type","","","","","","","skip"
"E-CM2260210-213","VCM","CM2I-1500/170D-22433W","","","Parameters out of catalogue range (current, Um, step voltage, or positions).","1030","170","0","20","Y","I","miss"
"E-CM2260214-219","VCM","CM2III-500Y/72.5B-10181W","CV2III-350Y/72.5-10191W","CV2III-600Y/72.5-10191W | CM2III-500Y/72.5B-10191W | CM2III-600Y/72.5B-10191W","","294.34","72.5","1299.04","9","Y","III","eligible"
"E-CM2260220-222","VCM","CM2III-500Y/72.5B-14273G","","","no transformer I","","72.5","","","Y","III","skip"
"E-CM2260223","VCM","","","","no sold_type","131","","915","","","","skip"
"E-CM2260224-225","VCM","CM2III-600Y/72.5B-10193W","","","no transformer I","","72.5","","","Y","III","skip"
"E-CM2260226-227","VCM","3xCM2I-1500/170B-14131W","CM2I-1500/170D-14131W","SHZVI-1500/170D-14131W | SHZVI-1600/170D-14131W | SHZVGI-3000/170D-14131W","","1356","170","1346","6","Y","I","family-i-um"
"E-CM2260228","VCM","CM2III-500Y/72.5B-14273G","","","no transformer I","","72.5","","","Y","III","skip"
"E-CM2260229","VCM","CM2III-600Y/72.5B-12231G","CV2III-350Y/72.5-12231G","CV2III-600Y/72.5-12231G | CM2III-500Y/72.5B-12231G | CM2III-600Y/72.5B-12231G","","349.91","72.5","571.58","11","Y","III","eligible"
"E-CM2260230","VCM","CM2III-500Y/170B-12233W","CM2III-500Y/170D-12233W","CM2III-600Y/170D-12233W | SHZVIII-400Y/170D-12233W | SHZVIII-600Y/170D-12233W","","181.1","170","1875","10","Y","III","family-i-um"
"E-CM2260231-232","VCM","CM2III-500Y/72.5B-14273W","CM2III-500Y/72.5B-14273W","CM2III-600Y/72.5B-14273W | SHZVIII-400Y/72.5B-14273W | SHZVIII-600Y/72.5B-14273W","","104.59","72.5","1328","12","Y","III","exact"
"E-CM2260233-236","VCM","CM2III-500Y/72.5B-10191W","CV2III-600Y/72.5-10191W","CM2III-500Y/72.5B-10191W | CM2III-600Y/72.5B-10191W | SHZVIII-600Y/72.5B-10191W","","424.2","72.5","0","9","Y","III","eligible"
"E-CM2260237","VCM","CM2III-500Y/170B-12233W","CM2III-500Y/170D-12233W","CM2III-600Y/170D-12233W | SHZVIII-600Y/170D-12233W | SHZVIII-1000Y/170D-12233W","","423.4","170","1082.5","10","Y","III","family-i-um"
"E-CM2260238","VCM","CM2III-300Y/170B-12233W","CM2III-500Y/170D-12233W","CM2III-600Y/170D-12233W | SHZVIII-400Y/170D-12233W | SHZVIII-600Y/170D-12233W","","144.3","170","952","10","Y","III","family"
"E-CM2260239","VCM","","","","no sold_type","","","","","","","skip"
"E-CM2260240-249","VCM","CM2III-600Y/72.5C-14273G","CM2III-500Y/72.5B-14273G","CM2III-600Y/72.5B-14273G | SHZVIII-400Y/72.5B-14273G | SHZVIII-600Y/72.5B-14273G","","234.3","72.5","1111.4","12","Y","III","family"
"E-CM2260250-256","VCM","CM2I-500D/72.5B-14273W","CM2I-500/72.5B-14273W","CM2I-600/72.5B-14273W | SHZVI-400/72.5B-14273W | SHZVI-600/72.5B-14273W","","176","72.5","929.6","12","D","I","exact"
"E-CM2260257","VCM","CM2III-600Y/72.5B-10193W","CV2III-600Y/72.5-10193W","CM2III-600Y/72.5B-10193W | SHZVIII-600Y/72.5B-10193W | SHZVIII-1000Y/72.5B-10193W","","520.6","72.5","249","8","Y","III","eligible"
"E-CM2260258","VCM","","","","no sold_type","227.5","","1875","","","","skip"
"E-CM2260259","VCM","CM2III-500Y/72.5C-10191G","CV2III-600Y/72.5-10191G","CM2III-500Y/72.5B-10191G | CM2III-600Y/72.5B-10191G | SHZVIII-600Y/72.5B-10191G","","418.38","72.5","1180.5","9","Y","III","eligible"
"E-CM2260260-261","VCM","CM2III-500Y/170C-10193W","CM2III-500Y/170D-10193W","CM2III-600Y/170D-10193W | SHZVIII-400Y/170D-10193W | SHZVIII-600Y/170D-10193W","","233.3","170","1587.7","8","Y","III","family-i-um"
"E-CM2260262","VCM","CM2III-500Y/126B-10191W","CV2III-350Y/126-10191W","CV2III-600Y/126-10191W | CM2III-500Y/126C-10191W | CM2III-600Y/126C-10191W","","316.29","126","1183","9","Y","III","eligible"
"E-CM2260263","VCM","","","","no sold_type","156.19","","414.97","16","","","skip"
"E-CM2260263","VCM","","","","no sold_type","156.19","","414.97","16","","","skip"
"E-CM2260264-265","VCM","CM2III-500Y/170B-12233W","CM2III-500Y/170D-12233W","CM2III-600Y/170D-12233W | SHZVIII-600Y/170D-12233W | SHZVIII-1000Y/170D-12233W","","483.9","170","1082.5","10","Y","III","family-i-um"
"E-CM2260266","VCM","","","","no sold_type","","","","","","","skip"
"E-CM2260267","VCM","3xCM2I-1500/72.5B-18180","","","no transformer I","","72.5","798","","","I","skip"
"E-CM2260268-270","VCM","CM2III-600Y/72.5B-12233W","CV2III-600Y/72.5-12233W","CM2III-500Y/72.5B-12233W | CM2III-600Y/72.5B-12233W | SHZVIII-400Y/72.5B-12233W","","376.5","72.5","1328","10","Y","III","eligible"
"E-CM2260271-272","VCM","CM2III-500Y/252D-16313G","CM2III-500Y/252D-16313G","CM2III-600Y/252D-16313G | SHZVIII-600Y/252D-16313G | SHZVIII-1000Y/252D-16313G","","403.5","252","917.9","14","Y","III","exact"
"E-CM2260273","VCM","3xCM2I-1200/170C-14131W","CM2I-1200/170D-14131W","CM2I-1500/170D-14131W | SHZVI-1200/170D-14131W | SHZVI-1500/170D-14131W","","1063","170","1328","6","Y","I","family-i-um"
"E-CM2260274-277","VCM","3xCM2I-1200/170C-14130","","","no transformer I","","170","","","","I","skip"
"E-CM2260278","VCM","3xCM2I-1200/170C-14130","","","no transformer I","","170","","","","I","skip"
"E-CM2260279","VCM","CM2III-500Y/72.5B-14271W","CM2III-500Y/72.5B-14271W","CM2III-600Y/72.5B-14271W | SHZVIII-400Y/72.5B-14271W | SHZVIII-600Y/72.5B-14271W","","65.61","72.5","381.05","13","Y","III","exact"
"E-CM2260280-281","VCM","CM2III-500Y/72.5C-14273W","CM2III-500Y/72.5B-14273W","CM2III-600Y/72.5B-14273W | SHZVIII-400Y/72.5B-14273W | SHZVIII-600Y/72.5B-14273W","","167","72.5","1328","12","Y","III","family-i-um"
"E-CM2260282-283","VCM","CM2III-500Y/72.5B-14273W","CM2III-500Y/72.5B-14273W","CM2III-600Y/72.5B-14273W | SHZVIII-400Y/72.5B-14273W | SHZVIII-600Y/72.5B-14273W","","167","72.5","1328","12","Y","III","exact"
"E-CM2260284","VCM","CM2III-500Y/170D-14273G","CM2III-500Y/170D-14273G","CM2III-600Y/170D-14273G | SHZVIII-400Y/170D-14273G | SHZVIII-600Y/170D-14273G","","313.78","170","1660","12","Y","III","exact"
"E-CM2260285","VCM","","","","no sold_type","","","","","","","skip"
"E-CV2260001-004","VCV","CV2III-350D/145-10193W","CV2III-350D/145-10193W","CV2III-600D/145-10193W | CM2III-500D/170D-10193W | CM2III-600D/170D-10193W","","64.26","145","1725","8","D","III","exact"
"E-CV2260005-006","VCV","CV2III-350D/145-10193W","CV2III-350D/145-10193W","CV2III-600D/145-10193W | CM2III-500D/170D-10193W | CM2III-600D/170D-10193W","","64.25","145","1725","8","D","III","exact"
"E-CV2260007","VCV","CV2III-350D/72.5-10193W","CV2III-350D/72.5-10193W","CV2III-600D/72.5-10193W | CM2III-500D/72.5B-10193W | CM2III-600D/72.5B-10193W","","128.5","72.5","862.5","8","D","III","exact"
"E-CV2260008-009","VCV","CV2III-350Y/72.5-10193W","CV2III-350Y/72.5-10193W","CV2III-600Y/72.5-10193W | CM2III-500Y/72.5B-10193W | CM2III-600Y/72.5B-10193W","","167.3","72.5","747","8","Y","III","exact"
"E-CV2260010-014","VCV","CV2III-350D/72.5-10193W","CV2III-350D/72.5-10193W","CV2III-600D/72.5-10193W | CM2III-500D/72.5B-10193W | CM2III-600D/72.5B-10193W","","96.6","72.5","862.5","8","D","III","exact"
"E-CV2260015","VCV","CV2III-350Y/72.5-10193W","CV2III-350Y/72.5-10193W","CV2III-600Y/72.5-10193W | CM2III-500Y/72.5B-10193W | CM2III-600Y/72.5B-10193W","","111.3","72.5","995.9","8","Y","III","exact"
"E-CV2260016","VCV","CV2III-350D/40.5-10193W","CV2III-350D/40.5-10193W","CV2III-600D/40.5-10193W | CM2III-500D/72.5B-10193W | CM2III-600D/72.5B-10193W","","120.8","40.5","431.25","8","D","III","exact"
"E-CV2260017","VCV","CV2III-600Y/40.5-10193W","CV2III-350Y/40.5-10193W","CV2III-600Y/40.5-10193W | CM2III-500Y/72.5B-10193W | CM2III-600Y/72.5B-10193W","","334.7","40.5","862.5","8","Y","III","family"
"E-CV2260018","VCV","CV2III-350D/145-10193W","CV2III-350D/145-10193W","CV2III-600D/145-10193W | CM2III-500D/170D-10193W | CM2III-600D/170D-10193W","","30.2","145","1725","8","D","III","exact"
"E-CV2260019","VCV","CV2III-350Y/72.5-10193W","CV2III-350Y/72.5-10193W","CV2III-600Y/72.5-10193W | CM2III-500Y/72.5B-10193W | CM2III-600Y/72.5B-10193W","","222.6","72.5","497.68","8","Y","III","exact"
"E-CV2260020","VCV","CV2III-350D/72.5-10193W","CV2III-350D/72.5-10193W","CV2III-600D/72.5-10193W | CM2III-500D/72.5B-10193W | CM2III-600D/72.5B-10193W","","181.5","72.5","1089","8","D","III","exact"
"E-CV2260021","VCV","CV2III-350Y/72.5-10193W","","","no transformer I","","72.5","","","Y","III","skip"
"E-CV2260022-023","VCV","CV2III-350D/40.5-12231W","CV2III-350D/40.5-12231W","CV2III-600D/40.5-12231W | CM2III-500D/72.5B-12231W | CM2III-600D/72.5B-12231W","","122","40.5","450","11","D","III","exact"
"E-CV2260024","VCV","CV2III-600D/145-10193W","CV2III-600D/145-10193W","CM2III-500D/170D-10193W | CM2III-600D/170D-10193W | SHZVIII-400D/170D-10193W","","342","145","1048","8","D","III","exact"
"E-CV2260025-029","VCV","CV2III-600Y/72.5-10191W","","","no transformer I","","72.5","","","Y","III","skip"
"E-CV2260030","VCV","CV2III-350Y/72.5-12233W","CV2III-350Y/72.5-12233W","CV2III-600Y/72.5-12233W | CM2III-500Y/72.5B-12233W | CM2III-600Y/72.5B-12233W","","104.6","72.5","797","10","Y","III","exact"
"E-CV2260031-037","VCV","CV2III-350D/145-10193W","","","no transformer I","","145","","","D","III","skip"
"E-CV2260038-039","VCV","CV2III-350D/72.5-10193W","","","no transformer I","","72.5","","","D","III","skip"
"E-CV2260040","VCV","CV2III-350Y/72.5-12231W","","","no transformer I","","72.5","","","Y","III","skip"
"E-CV2260041-043","VCV","CV2III-350D/72.5-10193W","","","no transformer I","","72.5","","","D","III","skip"
"E-CV2260044-045","VCV","CV2III-350D/145-10193W","","","no transformer I","","145","","","D","III","skip"
"E-CV2260046","VCV","CV2III-350D/145-10193W","","","no transformer I","","145","","","D","III","skip"
"E-CV2260047","VCV","CV2III-350Y/72.5-10193G","CV2III-350Y/72.5-10193G","CV2III-600Y/72.5-10193G | CM2III-500Y/72.5B-10193G | CM2III-600Y/72.5B-10193G","","256.6","72.5","0","8","Y","III","exact"
"E-CV2260048-049","VCV","CV2III-350Y/72.5-10193W","CV2III-350Y/72.5-10193W","CV2III-600Y/72.5-10193W | CM2III-500Y/72.5B-10193W | CM2III-600Y/72.5B-10193W","","222.57","72.5","498","8","Y","III","exact"
"E-CV2260050","VCV","CV2III-350Y/72.5-10193G","CV2III-350Y/72.5-10193G","CV2III-600Y/72.5-10193G | CM2III-500Y/72.5B-10193G | CM2III-600Y/72.5B-10193G","","128.3","72.5","0","8","Y","III","exact"
"E-CV2260051-052","VCV","CV2III-350Y/72.5-10193W","","","no transformer I","","72.5","","","Y","III","skip"
"E-CV2260053-054","VCV","CV2III-350Y/72.5-10191W","CV2III-350Y/72.5-10191W","CV2III-600Y/72.5-10191W | CM2III-500Y/72.5B-10191W | CM2III-600Y/72.5B-10191W","","212.1","72.5","1182","9","Y","III","exact"
"E-CV2260055-056","VCV","CV2III-600Y/72.5-10191W","","","no transformer I","","72.5","","","Y","III","skip"
"E-CV2260057","VCV","CV2III-600Y/72.5-1","","","no transformer I","","72.5","","","Y","III","skip"
"E-CV2260058","VCV","CV2III-350Y/72.5-12233W","CV2III-350Y/72.5-12233W","CV2III-600Y/72.5-12233W | CM2III-500Y/72.5B-12233W | CM2III-600Y/72.5B-12233W","","138","72.5","363.7","10","Y","III","exact"
"E-CV2260059-060","VCV","CV2III-600D/40.5-10193G","CV2III-600D/40.5-10193G","CM2III-500D/72.5B-10193G | CM2III-600D/72.5B-10193G | SHZVIII-600D/72.5B-10193G","","415.3","40.5","412.5","8","D","III","exact"
"E-CV2260061","VCV","CV2III-350Y/72.5-10191W","","","no transformer I","","72.5","","","Y","III","skip"
"E-CV2260062-064","VCV","CV2III-350Y/126-10193W","","","no transformer I","","126","","","Y","III","skip"
"E-CV2260065-066","VCV","CV2III-350D/145-10193W","CV2III-350D/145-10193W","CV2III-600D/145-10193W | CM2III-500D/170D-10193W | CM2III-600D/170D-10193W","","30.2","145","1725","8","D","III","exact"
"E-CV2260067","VCV","CV2III-350Y/72.5-10193W","CV2III-350Y/72.5-10193W","CV2III-600Y/72.5-10193W | CM2III-500Y/72.5B-10193W | CM2III-600Y/72.5B-10193W","","209.18","72.5","996","8","Y","III","exact"
"E-CV2260068-069","VCV","CV2III-350D/145-10193W","CV2III-350D/145-10193W","CV2III-600D/145-10193W | CM2III-500D/170D-10193W | CM2III-600D/170D-10193W","","96.6","145","1725","8","D","III","exact"
"E-CV2260070-071","VCV","","","","no sold_type","","","","","","","skip"
"E-CV2260072","VCV","CV2III-600D/40.5-10193W","CV2III-600D/40.5-10193W","CM2III-600D/72.5B-10193W | SHZVIII-600D/72.5B-10193W | SHZVIII-1000D/72.5B-10193W","","563","40.5","236.3","8","D","III","exact"
"E-CV2260073","VCV","CV2III-350D/145-10193W","CV2III-350D/145-10193W","CV2III-600D/145-10193W | CM2III-500D/170D-10193W | CM2III-600D/170D-10193W","","48.3","145","1725","8","D","III","exact"
"E-CV2260074","VCV","CV2III-350D/72.5-10193W","CV2III-350D/72.5-10193W","CV2III-600D/72.5-10193W | CM2III-500D/72.5B-10193W | CM2III-600D/72.5B-10193W","","60.37","72.5","862.5","8","D","III","exact"
"E-CV2260075-076","VCV","CV2III-350D/72.5-10193W","CV2III-350D/72.5-10193W","CV2III-600D/72.5-10193W | CM2III-500D/72.5B-10193W | CM2III-600D/72.5B-10193W","","60.37","72.5","862.5","8","D","III","exact"
"E-CV2260077","VCV","CV2III-350Y/40.5-10193W","CV2III-350Y/40.5-10193W","CV2III-600Y/40.5-10193W | CM2III-500Y/72.5B-10193W | CM2III-600Y/72.5B-10193W","","278.9","40.5","862.5","8","Y","III","exact"
"E-CV2260078","VCV","CV2III-350D/40.5-10070","CV2III-350D/40.5-10070","CV2III-600D/40.5-10070 | CM2III-500D/72.5B-10070 | CM2III-600D/72.5B-10070","","215","40.5","911.1","","D","III","exact"
"E-CV2260079-082","VCV","CV2III-350D/40.5-10193G","CV2III-350D/40.5-10193G","CV2III-600D/40.5-10193G | CM2III-500D/72.5B-10193G | CM2III-600D/72.5B-10193G","","75.8","40.5","551","8","D","III","exact"
"E-CV2260083-085","VCV","CV2III-350D/72.5-10193W","","","no transformer I","","72.5","","","D","III","skip"
"E-CV2260086-087","VCV","CV2III-350Y/40.5-10193W","CV2III-350Y/40.5-10193W","CV2III-600Y/40.5-10193W | CM2III-500Y/72.5B-10193W | CM2III-600Y/72.5B-10193W","","209.18","40.5","431.25","8","Y","III","exact"
"E-CV2260088","VCV","","","","no sold_type","238","","825","","","","skip"
"E-CV2260089-095","VCV","","","","no sold_type","","","1958","9","","","skip"
"E-CV2260096-098","VCV","CV2III-600D/40.5-10193G","CV2III-600D/40.5-10193G","CM2III-500D/72.5B-10193G | CM2III-600D/72.5B-10193G | SHZVIII-400D/72.5B-10193G","","356","40.5","410","8","D","III","exact"
"E-CV2260099","VCV","CV2III-350D/145-10193W","CV2III-350D/145-10193W","CV2III-600D/145-10193W | CM2III-500D/170D-10193W | CM2III-600D/170D-10193W","","80.5","145","1725","8","D","III","exact"
"E-CV2260100","VCV","CV2III-350Y/72.5-10191W","CV2III-350Y/72.5-10191W","CV2III-600Y/72.5-10191W | CM2III-500Y/72.5B-10191W | CM2III-600Y/72.5B-10191W","","212","72.5","1184","9","Y","III","exact"
"E-CV2260101-103","VCV","CV2III-600D/40.5-10193G","CV2III-600D/40.5-10193G","CM2III-500D/72.5B-10193G | CM2III-600D/72.5B-10193G | SHZVIII-600D/72.5B-10193G","","442.8","40.5","412.5","8","D","III","exact"
"E-CV2260104","VCV","CV2III-350Y/72.5-10191W","CV2III-350Y/72.5-10191W","CV2III-600Y/72.5-10191W | CM2III-500Y/72.5B-10191W | CM2III-600Y/72.5B-10191W","","334","72.5","1184","9","Y","III","exact"
"E-CV2260105-106","VCV","CV2III-350D/145-12231W","CV2III-350D/145-12231W","CV2III-600D/145-12231W | CM2III-500D/170D-12231W | CM2III-600D/170D-12231W","","88.2","145","763.6","11","D","III","exact"
"E-CV2260105-106","VCV","CV2III-350D/145-12231W","CV2III-350D/145-12231W","CV2III-600D/145-12231W | CM2III-500D/170D-12231W | CM2III-600D/170D-12231W","","88.2","145","763.5","11","D","III","exact"
"E-CV2260107","VCV","CV2III-350D/72.5-10193W","CV2III-350D/72.5-10193W","CV2III-600D/72.5-10193W | CM2III-500D/72.5B-10193W | CM2III-600D/72.5B-10193W","","142.3","72.5","862.5","8","D","III","exact"
"E-CV2260108","VCV","CV2III-350D/145-10193W","CV2III-350D/145-10193W","CV2III-600D/145-10193W | CM2III-500D/170D-10193W | CM2III-600D/170D-10193W","","40.3","145","0","8","D","III","exact"
"E-CV2260109","VCV","CV2III-350D/145-10193W","CV2III-350D/145-10193W","CV2III-600D/145-10193W | CM2III-500D/170D-10193W | CM2III-600D/170D-10193W","","80.5","145","1725","8","D","III","exact"
"E-CV2260110","VCV","CVIII-350Y/72.5-10193W","CV2III-350Y/72.5-10193W","CV2III-600Y/72.5-10193W | CVIII-350Y/72.5-10193W | SVIII-500Y/72.5-10193W","","213.8","72.5","0","8","Y","III","eligible"
"E-CV2260111","VCV","CV2III-350Y/72.5-10191W","CV2III-350Y/72.5-10191W","CV2III-600Y/72.5-10191W | CM2III-500Y/72.5B-10191W | CM2III-600Y/72.5B-10191W","","212","72.5","1182","9","Y","III","exact"
"E-CV2260112","VCV","CV2III-600D/126-10193W","CV2III-600D/126-10193W","CM2III-500D/126C-10193W | CM2III-600D/126C-10193W | SHZVIII-400D/126C-10193W","","348.6","126","497.96","8","D","III","exact"
"E-CV2260113-114","VCV","CV2III-350D/72.5-10193W","CV2III-350D/72.5-10193W","CV2III-600D/72.5-10193W | CM2III-500D/72.5B-10193W | CM2III-600D/72.5B-10193W","","96.6","72.5","862.5","8","D","III","exact"
"E-CV2260115","VCV","CV2III-350D/72.5-10193W","CV2III-350D/72.5-10193W","CV2III-600D/72.5-10193W | CM2III-500D/72.5B-10193W | CM2III-600D/72.5B-10193W","","90.9","72.5","550","8","D","III","exact"
"E-CV2260116-117","VCV","CV2III-350D/145-12233W","CM2III-500D/170D-12233W","CM2III-600D/170D-12233W | SHZVIII-400D/170D-12233W | SHZVIII-600D/170D-12233W","","96.6","145","1725","10","D","III","miss"
"E-CV2260118-119","VCV","CV2III-600D/40.5-10193W","CV2III-600D/40.5-10193W","CM2III-600D/72.5B-10193W | SHZVIII-600D/72.5B-10193W | SHZVIII-1000D/72.5B-10193W","","563","40.5","236.3","8","D","III","exact"
"E-CV2260120","VCV","CV2III-350Y/72.5-10193W","CV2III-350Y/72.5-10193W","CV2III-600Y/72.5-10193W | CM2III-500Y/72.5B-10193W | CM2III-600Y/72.5B-10193W","","167.3","72.5","996","8","Y","III","exact"
"E-CV2260121","VCV","CV2III-350D/145-10193W","CV2III-350D/145-10193W","CV2III-600D/145-10193W | CM2III-500D/170D-10193W | CM2III-600D/170D-10193W","","30.2","145","1725","8","D","III","exact"
"E-CV2260122","VCV","CV2III-350Y/72.5-10193W","CV2III-350Y/72.5-10193W","CV2III-600Y/72.5-10193W | CM2III-500Y/72.5B-10193W | CM2III-600Y/72.5B-10193W","","220.2","72.5","995.9","8","Y","III","exact"
"E-CV2260123-124","VCV","CV2III-350D/145-10193W","CV2III-350D/145-10193W","CV2III-600D/145-10193W | CM2III-500D/170D-10193W | CM2III-600D/170D-10193W","","80.44","145","1725","8","D","III","exact"
"E-CV2260125","VCV","CV2III-350D/145-10193W","CV2III-350D/145-10193W","CV2III-600D/145-10193W | CM2III-500D/170D-10193W | CM2III-600D/170D-10193W","","56.81","145","1725","8","D","III","exact"
"E-CV2260126","VCV","CV2III-350Y/40.5-10193W","CV2III-350Y/40.5-10193W","CV2III-600Y/40.5-10193W | CM2III-500Y/72.5B-10193W | CM2III-600Y/72.5B-10193W","","125.5","40.5","497.96","8","Y","III","exact"
"E-CV2260127-129","VCV","CV2III-600Y/72.5-10191W","CV2III-600Y/72.5-10191W","CM2III-500Y/72.5B-10191W | CM2III-600Y/72.5B-10191W | SHZVIII-400Y/72.5B-10191W","","352.2","72.5","1242.1","9","Y","III","exact"
"E-CV2260130","VCV","CV2III-350D/145-10193W","CV2III-350D/145-10193W","CV2III-600D/145-10193W | CM2III-500D/170D-10193W | CM2III-600D/170D-10193W","","47.1","145","1725","8","D","III","exact"
"E-CV2260131-132","VCV","","","","no sold_type","","","","","","","skip"
"E-CV2260133","VCV","CV2III-350Y/72.5-10193W","CV2III-350Y/72.5-10193W","CV2III-600Y/72.5-10193W | CM2III-500Y/72.5B-10193W | CM2III-600Y/72.5B-10193W","","209.2","72.5","996","8","Y","III","exact"
"E-CV2260134-135","VCV","","","","no sold_type","","","","","","","skip"
"E-CV2260136","VCV","CV2III-350Y/72.5-10193W","CV2III-350Y/72.5-10193W","CV2III-600Y/72.5-10193W | CM2III-500Y/72.5B-10193W | CM2III-600Y/72.5B-10193W","","209.2","72.5","996","8","Y","III","exact"
"E-CV2260137","VCV","CV2III-350Y/40.5-10193W","CV2III-350Y/40.5-10193W","CV2III-600Y/40.5-10193W | CM2III-500Y/72.5B-10193W | CM2III-600Y/72.5B-10193W","","104.6","40.5","431.25","8","Y","III","exact"
"E-CV2260139-145","VCV","CV2III-600Y/72.5-12233G","CV2III-600Y/72.5-12233G","CM2III-500Y/72.5B-12233G | CM2III-600Y/72.5B-12233G | SHZVIII-400Y/72.5B-12233G","","367","72.5","545","10","Y","III","exact"
"E-CV2260146-147","VCV","CV2III-350Y/72.5-10191W","CV2III-350Y/72.5-10191W","CV2III-600Y/72.5-10191W | CM2III-500Y/72.5B-10191W | CM2III-600Y/72.5B-10191W","","334.1","72.5","1182","9","Y","III","exact"
"E-CV2260148","VCV","CV2III-350D/145-10193W","CV2III-350D/145-10193W","CV2III-600D/145-10193W | CM2III-500D/170D-10193W | CM2III-600D/170D-10193W","","56.8","145","1725","8","D","III","exact"
"E-CV2260149-150","VCV","CV2III-350D/145-10193W","CV2III-350D/145-10193W","CV2III-600D/145-10193W | CM2III-500D/170D-10193W | CM2III-600D/170D-10193W","","113.68","145","1725","8","D","III","exact"
"E-CV2260151","VCV","CV2III-350D/72.5-10193W","CV2III-350D/72.5-10193W","CV2III-600D/72.5-10193W | CM2III-500D/72.5B-10193W | CM2III-600D/72.5B-10193W","","71.01","72.5","862.5","8","D","III","exact"
"E-CV2260152-155","VCV","CV2III-350D/72.5-10193W","CV2III-350D/72.5-10193W","CV2III-600D/72.5-10193W | CM2III-500D/72.5B-10193W | CM2III-600D/72.5B-10193W","","71.01","72.5","862.5","8","D","III","exact"
"E-CV2260156","VCV","CV2III-350D/72.5-10193W","CV2III-350D/72.5-10193W","CV2III-600D/72.5-10193W | CM2III-500D/72.5B-10193W | CM2III-600D/72.5B-10193W","","71.01","72.5","862.5","8","D","III","exact"
"E-CV2260157-159","VCV","CV2III-600Y/72.5-10193G","CV2III-600Y/72.5-10193G","CM2III-500Y/72.5B-10193G | CM2III-600Y/72.5B-10193G | SHZVIII-600Y/72.5B-10193G","","393.6","72.5","1270.2","8","Y","III","exact"
"E-CV2260160-161","VCV","","","","no sold_type","","","1958","9","","","skip"
"E-CV2260162-164","VCV","CV2III-600Y/72.5-10193G","","","no transformer I","","72.5","","","Y","III","skip"
"E-CV2260165-166","VCV","CV2III-600Y/72.5-10191W","CV2III-600Y/72.5-10191W","CM2III-500Y/72.5B-10191W | CM2III-600Y/72.5B-10191W | SHZVIII-400Y/72.5B-10191W","","351","72.5","1182","9","Y","III","exact"
"E-CV2260167-169","VCV","CV2III-350D/72.5-10193W","CV2III-350D/72.5-10193W","CV2III-600D/72.5-10193W | CM2III-500D/72.5B-10193W | CM2III-600D/72.5B-10193W","","160.9","72.5","862.5","8","D","III","exact"
"E-CV2260170","VCV","CV2III-350D/145-10193W","","","no transformer I","","145","1725","","D","III","skip"
"E-CV2260171","VCV","CV2III-600Y/72.5-10191W","CV2III-600Y/72.5-10191W","CM2III-500Y/72.5B-10191W | CM2III-600Y/72.5B-10191W | SHZVIII-600Y/72.5B-10191W","","432","72.5","606","9","Y","III","exact"
"E-CV2260172","VCV","","","","no sold_type","","","","","","","skip"
"E-CV2260173","VCV","CV2III-350Y/72.5-10193W","CV2III-350Y/72.5-10193W","CV2III-600Y/72.5-10193W | CM2III-500Y/72.5B-10193W | CM2III-600Y/72.5B-10193W","","205.83","72.5","476","8","Y","III","exact"
"E-CV2260174-176","VCV","CV2III-350D/72.5-10193W","CV2III-350D/72.5-10193W","CV2III-600D/72.5-10193W | CM2III-500D/72.5B-10193W | CM2III-600D/72.5B-10193W","","71.01","72.5","862.5","8","D","III","exact"
"E-CV2260177-178","VCV","CV2III-350D/72.5-10193W","CV2III-350D/72.5-10193W","CV2III-600D/72.5-10193W | CM2III-500D/72.5B-10193W | CM2III-600D/72.5B-10193W","","71","72.5","862.5","8","D","III","exact"
"E-CV2260179-180","VCV","CV2III-350D/72.5-10193W","CV2III-350D/72.5-10193W","CV2III-600D/72.5-10193W | CM2III-500D/72.5B-10193W | CM2III-600D/72.5B-10193W","","268.3","72.5","862.5","8","D","III","exact"
"E-CV2260181-182","VCV","CV2III-350D/145-10193W","CV2III-350D/145-10193W","CV2III-600D/145-10193W | CM2III-500D/170D-10193W | CM2III-600D/170D-10193W","","161","145","1725","8","D","III","exact"
"E-CV2260183-184","VCV","CV2III-600Y/72.5-10193W","CV2III-600Y/72.5-10193W","CM2III-500Y/72.5B-10193W | CM2III-600Y/72.5B-10193W | SHZVIII-600Y/72.5B-10193W","","464.9","72.5","862.5","8","Y","III","exact"
"E-CV2260185","VCV","CV2III-350D/145-10193W","CV2III-350D/145-10193W","CV2III-600D/145-10193W | CM2III-500D/170D-10193W | CM2III-600D/170D-10193W","","85.3","145","1725","8","D","III","exact"
"E-CV2260186-187","VCV","CV2III-350D/145-10193W","CV2III-350D/145-10193W","CV2III-600D/145-10193W | CM2III-500D/170D-10193W | CM2III-600D/170D-10193W","","42.6","145","1725","8","D","III","exact"
"E-CV2260188","VCV","CV2III-350D/145-10193W","CV2III-350D/145-10193W","CV2III-600D/145-10193W | CM2III-500D/170D-10193W | CM2III-600D/170D-10193W","","40.3","145","1725","8","D","III","exact"
"E-CV2260189-190","VCV","CV2III-350D/72.5-10193W","CV2III-350D/72.5-10193W","CV2III-600D/72.5-10193W | CM2III-500D/72.5B-10193W | CM2III-600D/72.5B-10193W","","80.51","72.5","862.5","8","D","III","exact"
"E-CV2260191-193","VCV","CV2III-350D/72.5-10193W","CV2III-350D/72.5-10193W","CV2III-600D/72.5-10193W | CM2III-500D/72.5B-10193W | CM2III-600D/72.5B-10193W","","71.01","72.5","862.5","8","D","III","exact"
"E-CV2260194","VCV","CV2III-350D/72.5-10193W","CV2III-350D/72.5-10193W","CV2III-600D/72.5-10193W | CM2III-500D/72.5B-10193W | CM2III-600D/72.5B-10193W","","71","72.5","862.5","8","D","III","exact"
"E-CV2260195","VCV","CV2III-350D/145-10193W","CV2III-350D/145-10193W","CV2III-600D/145-10193W | CM2III-500D/170D-10193W | CM2III-600D/170D-10193W","","72.46","145","1725","8","D","III","exact"
"E-CV2260196","VCV","CV2III-350D/145-12231W","CV2III-350D/145-12231W","CV2III-600D/145-12231W | CM2III-500D/170D-12231W | CM2III-600D/170D-12231W","","40.3","145","1254.5","11","D","III","exact"
"E-CV2260197","VCV","","","","no sold_type","","","","","","","skip"
"E-CV2260198","VCV","CV2III-350Y/72.5-10193W","CV2III-350Y/72.5-10193W","CV2III-600Y/72.5-10193W | CM2III-500Y/72.5B-10193W | CM2III-600Y/72.5B-10193W","","167.3","72.5","996","8","Y","III","exact"
"E-CV2260199-202","VCV","CV2III-350D/72.5-10193W","CV2III-350D/72.5-10193W","CV2III-600D/72.5-10193W | CM2III-500D/72.5B-10193W | CM2III-600D/72.5B-10193W","","60.4","72.5","862.5","8","D","III","exact"
"E-CV2260203","VCV","CV2III-350Y/72.5-10191W","CV2III-350Y/72.5-10191W","CV2III-600Y/72.5-10191W | CM2III-500Y/72.5B-10191W | CM2III-600Y/72.5B-10191W","","334","72.5","0","9","Y","III","exact"
"E-CV2260204","VCV","CV2III-350D/72.5-10193W","CV2III-350D/72.5-10193W","CV2III-600D/72.5-10193W | CM2III-500D/72.5B-10193W | CM2III-600D/72.5B-10193W","","60.39","72.5","862.5","8","D","III","exact"
"E-CV2260205-210","VCV","","","","no sold_type","","","1958","9","","","skip"
"E-CV2260211","VCV","CV2III-350D/72.5-10193W","CV2III-350D/72.5-10193W","CV2III-600D/72.5-10193W | CM2III-500D/72.5B-10193W | CM2III-600D/72.5B-10193W","","60.39","72.5","862.5","8","D","III","exact"
"E-CV2260212","VCV","CV2III-350D/72.5-10193W","","","no transformer I","","72.5","","","D","III","skip"
"E-CV2260213","VCV","CV2III-350D/40.5-10100","CV2III-350D/40.5-10100","CV2III-600D/40.5-10100 | CM2III-500D/72.5B-10100 | CM2III-600D/72.5B-10100","","9.4","40.5","825","","D","III","exact"
"E-CV2260214","VCV","CV2III-350D/40.5-10193W","CV2III-350D/40.5-10193W","CV2III-600D/40.5-10193W | CM2III-500D/72.5B-10193W | CM2III-600D/72.5B-10193W","","241.9","40.5","544.5","8","D","III","exact"
"E-CV2260215-216","VCV","CV2III-600Y/72.5-10193W","CV2III-600Y/72.5-10193W","CM2III-600Y/72.5B-10193W | SHZVIII-600Y/72.5B-10193W | SHZVIII-1000Y/72.5B-10193W","","570.2","72.5","0","8","Y","III","exact"
"E-CV2260217","VCV","CV2III-350D/145-10193W","CV2III-350D/145-10193W","CV2III-600D/145-10193W | CM2III-500D/170D-10193W | CM2III-600D/170D-10193W","","64.26","145","1725","8","D","III","exact"
"E-CV2260218","VCV","CV2III-350D/72.5-10193W","CV2III-350D/72.5-10193W","CV2III-600D/72.5-10193W | CM2III-500D/72.5B-10193W | CM2III-600D/72.5B-10193W","","120.8","72.5","862.5","8","D","III","exact"
"E-CV2260219","VCV","CV2III-600Y/72.5-10193W","CV2III-600Y/72.5-10193W","CM2III-500Y/72.5B-10193W | CM2III-600Y/72.5B-10193W | SHZVIII-600Y/72.5B-10193W","","393.6","72.5","1270.2","8","Y","III","exact"
"E-CV2260220","VCV","CV2III-350D/145-10193W","CV2III-350D/145-10193W","CV2III-600D/145-10193W | CM2III-500D/170D-10193W | CM2III-600D/170D-10193W","","96.62","145","1725","8","D","III","exact"
"E-CV2260221","VCV","","","","no sold_type","144.1","","476.3","","","","skip"
"E-CV2260222-223","VCV","CV2III-350Y/72.5-10191W","","","no transformer I","","72.5","","","Y","III","skip"
"E-CV2260224","VCV","CV2III-350Y/72.5-10191W","","","no transformer I","","72.5","","","Y","III","skip"
"E-CV2260225","VCV","CV2III-350D/145-10193W","CV2III-350D/145-10193W","CV2III-600D/145-10193W | CM2III-500D/170D-10193W | CM2III-600D/170D-10193W","","75.6","145","1725","8","D","III","exact"
"E-CV2260226","VCV","CV2III-350D/72.5-10193","","","no transformer I","","72.5","862.5","","D","III","skip"
"E-CV2260227-229","VCV","CV2III-350D/40.5-10193W","CV2III-350D/40.5-10193W","CV2III-600D/40.5-10193W | CM2III-500D/72.5B-10193W | CM2III-600D/72.5B-10193W","","72.46","40.5","431.25","8","D","III","exact"
"E-CV2260230","VCV","CV2III-350D/145-10193W","CV2III-350D/145-10193W","CV2III-600D/145-10193W | CM2III-500D/170D-10193W | CM2III-600D/170D-10193W","","15.1","145","1725","8","D","III","exact"
"E-CV2260231-235","VCV","CV2III-350D/72.5-10193W","CV2III-350D/72.5-10193W","CV2III-600D/72.5-10193W | CM2III-500D/72.5B-10193W | CM2III-600D/72.5B-10193W","","128.5","72.5","862.5","8","D","III","exact"
"E-CV2260236-237","VCV","CV2III-350D/72.5-10193W","CV2III-350D/72.5-10193W","CV2III-600D/72.5-10193W | CM2III-500D/72.5B-10193W | CM2III-600D/72.5B-10193W","","60.38","72.5","863","8","D","III","exact"
"E-CV2260238-239","VCV","CV2III-350D/40.5-12233W","CV2III-350D/40.5-12233W","CV2III-600D/40.5-12233W | CM2III-500D/72.5B-12233W | CM2III-600D/72.5B-12233W","","148","40.5","0","10","D","III","exact"
"E-CV2260240-241","VCV","CV2III-350Y/72.5-10193W","CV2III-350Y/72.5-10193W","CV2III-600Y/72.5-10193W | CM2III-500Y/72.5B-10193W | CM2III-600Y/72.5B-10193W","","268","72.5","318","8","Y","III","exact"
"E-CV2260242-243","VCV","CV2III-350Y/72.5-10191W","CV2III-350Y/72.5-10191W","CV2III-600Y/72.5-10191W | CM2III-500Y/72.5B-10191W | CM2III-600Y/72.5B-10191W","","133","72.5","1182","9","Y","III","exact"
"E-CV2260244","VCV","CV2III-350Y/72.5-10191W","","","no transformer I","","72.5","","","Y","III","skip"
"E-CV2260245-246","VCV","CV2III-600Y/40.5-10193W","CV2III-600Y/40.5-10193W","CM2III-500Y/72.5B-10193W | CM2III-600Y/72.5B-10193W | SHZVIII-400Y/72.5B-10193W","","347.1","40.5","733.3","8","Y","III","exact"
"E-CV2260247","VCV","CV2III-600D/40.5-12110","CV2III-600D/40.5-12110","CM2III-500D/72.5B-12110 | CM2III-600D/72.5B-12110 | SHZVIII-400D/72.5B-12110","","377.1","40.5","437.5","","D","III","exact"
"E-CV2260248-249","VCV","CV2III-600D/72.5-10193G","","","no transformer I","","72.5","","","D","III","skip"
"E-CV2260250","VCV","CV2III-350Y/72.5-10191W","CV2III-350Y/72.5-10191W","CV2III-600Y/72.5-10191W | CM2III-500Y/72.5B-10191W | CM2III-600Y/72.5B-10191W","","142.1","72.5","1243.5","9","Y","III","exact"
"E-CV2260251","VCV","CV2III-350Y/40.5-10193W","","","no transformer I","","40.5","","","Y","III","skip"
"E-CV2260252","VCV","CV2III-500Y/72.5-10191W","","","no transformer I","","72.5","","","Y","III","skip"
"E-CV2260253","VCV","CV2III-350Y/72.5-10191G","CV2III-350Y/72.5-10191G","CV2III-600Y/72.5-10191G | CM2III-500Y/72.5B-10191G | CM2III-600Y/72.5B-10191G","","270","72.5","607","9","Y","III","exact"
"E-CV2260254-256","VCV","CV2III-350D/72.5-10193W","CV2III-350D/72.5-10193W","CV2III-600D/72.5-10193W | CM2III-500D/72.5B-10193W | CM2III-600D/72.5B-10193W","","71","72.5","862.5","8","D","III","exact"
"E-CV2260257","VCV","CV2III-350D/72.5-10193W","CV2III-350D/72.5-10193W","CV2III-600D/72.5-10193W | CM2III-500D/72.5B-10193W | CM2III-600D/72.5B-10193W","","151.21","72.5","862.5","8","D","III","exact"
"E-CV2260258","VCV","CV2III-350D/72.5-10193W","CV2III-350D/72.5-10193W","CV2III-600D/72.5-10193W | CM2III-500D/72.5B-10193W | CM2III-600D/72.5B-10193W","","151.21","72.5","862.5","8","D","III","exact"
"E-CV2260259-262","VCV","CV2III-350D/145-10193W","CV2III-350D/145-10193W","CV2III-600D/145-10193W | CM2III-500D/170D-10193W | CM2III-600D/170D-10193W","","64.26","145","1725","8","D","III","exact"
"E-CV2260263","VCV","CV2III-350D/145-10193W","CV2III-350D/145-10193W","CV2III-600D/145-10193W | CM2III-500D/170D-10193W | CM2III-600D/170D-10193W","","72.46","145","1725","8","D","III","exact"
"E-CV2260264-265","VCV","CV2III-350D/145-10193W","CV2III-350D/145-10193W","CV2III-600D/145-10193W | CM2III-500D/170D-10193W | CM2III-600D/170D-10193W","","75.58","145","1725","8","D","III","exact"
"E-CV2260266-267","VCV","CV2III-600D/72.5-10193G","","","no transformer I","","72.5","","","D","III","skip"
"E-CV2260268","VCV","CV2III-350D/40.5-10091W","CV2III-350D/40.5-10091W","CV2III-600D/40.5-10091W | CM2III-500D/72.5B-10091W | CM2III-600D/72.5B-10091W","","181.2","40.5","359","4","D","III","exact"
"E-CV2260269","VCV","CV2III-350Y/72.5-10191W","CV2III-350Y/72.5-10191W","CV2III-600Y/72.5-10191W | CM2III-500Y/72.5B-10191W | CM2III-600Y/72.5B-10191W","","84.9","72.5","0","9","Y","III","exact"
"E-CV2260270-271","VCV","CV2III-350Y/72.5-10193W","CV2III-350Y/72.5-10193W","CV2III-600Y/72.5-10193W | CM2III-500Y/72.5B-10193W | CM2III-600Y/72.5B-10193W","","24.5","72.5","1368","8","Y","III","exact"
"E-CV2260272-274","VCV","CV2III-350D/145-10193W","CV2III-350D/145-10193W","CV2III-600D/145-10193W | CM2III-500D/170D-10193W | CM2III-600D/170D-10193W","","130.9","145","996","8","D","III","exact"
"E-CV2260275-276","VCV","CV2III-350D/145-10193W","CV2III-350D/145-10193W","CV2III-600D/145-10193W | CM2III-500D/170D-10193W | CM2III-600D/170D-10193W","","64.26","145","1725","8","D","III","exact"
"E-CV2260277","VCV","CV2III-600D/72.5-12233W","SHZVIII-1000D/72.5B-12233W","SHZVGIII-1300D/72.5B-12233W | SHZVGIII-1500D/72.5B-12233W | 3xCM2I-800/72.5B-12233W","","603.75","72.5","0","10","D","III","miss"
"E-CV2260278","VCV","CV2III-600Y/72.5-10193W","CV2III-600Y/72.5-10193W","CM2III-500Y/72.5B-10193W | CM2III-600Y/72.5B-10193W | SHZVIII-400Y/72.5B-10193W","","376.53","72.5","1725","8","Y","III","exact"
"E-CV2260279-280","VCV","CV2III-350D/72.5-10193W","CV2III-350D/72.5-10193W","CV2III-600D/72.5-10193W | CM2III-500D/72.5B-10193W | CM2III-600D/72.5B-10193W","","160.9","72.5","862.5","8","D","III","exact"
"E-CV2260281","VCV","CV2III-600D/72.5-10193G","","","no transformer I","","72.5","","","D","III","skip"
"E-CV2260282-283","VCV","CV2III-600D/72.5-10193G","","","no transformer I","","72.5","","","D","III","skip"
"E-CV2260284","VCV","CV2III-600D/40.5-12233W","","","no transformer I","","40.5","","","D","III","skip"
"E-CV2260285","VCV","CV2III-350D/40.5-10193W","CV2III-350D/40.5-10193W","CV2III-600D/40.5-10193W | CM2III-500D/72.5B-10193W | CM2III-600D/72.5B-10193W","","72.46","40.5","431.25","8","D","III","exact"
"E-CV2260286","VCV","CV2III-600D/40.5-10091W","","","no transformer I","","40.5","","","D","III","skip"
"E-CV2260287","VCV","CV2III-350D/145-10193W","CV2III-350D/145-10193W","CV2III-600D/145-10193W | CM2III-500D/170D-10193W | CM2III-600D/170D-10193W","","72.46","145","1725","8","D","III","exact"
"E-CV2260288","VCV","CV2III-600D/40.5-10193W","","","no transformer I","","40.5","","","D","III","skip"
"E-CV2260289","VCV","CV2III-350D/145-10193W","CV2III-350D/145-10193W","CV2III-600D/145-10193W | CM2III-500D/170D-10193W | CM2III-600D/170D-10193W","","62.76","145","0","8","D","III","exact"
"E-CV2260290-291","VCV","CV2III-600Y/72.5-10193W","CV2III-600Y/72.5-10193W","CM2III-600Y/72.5B-10193W | SHZVIII-600Y/72.5B-10193W | SHZVIII-1000Y/72.5B-10193W","","535","72.5","318","8","Y","III","exact"
"E-CV2260292-293","VCV","CV2III-600D/72.5-10193G","","","no transformer I","","72.5","","","D","III","skip"
"E-CV2260294-295","VCV","CV2III-600D/72.5-10193G","","","no transformer I","","72.5","","","D","III","skip"
"E-CV2260296","VCV","CV2III-600D/126-10193W","CV2III-600D/126-10193W","CM2III-500D/126C-10193W | CM2III-600D/126C-10193W | SHZVIII-600D/126C-10193W","","411.66","126","952.63","8","D","III","exact"
"E-CV2260297","VCV","CV2III-600D/725-10193W","","","Parameters out of catalogue range (current, Um, step voltage, or positions).","411.66","725","952.63","8","D","III","miss"
"E-CV2260298","VCV","CV2III-350D/72.5-12233W","CV2III-350D/72.5-12233W","CV2III-600D/72.5-12233W | CM2III-500D/72.5B-12233W | CM2III-600D/72.5B-12233W","","133.27","72.5","897","10","D","III","exact"
"E-CV2260299-304","VCV","CV2III-600Y/72.5-10191W","","","no transformer I","","72.5","","","Y","III","skip"
"E-CV2260305-307","VCV","CV2III-350D/72.5-10193W","CV2III-350D/72.5-10193W","CV2III-600D/72.5-10193W | CM2III-500D/72.5B-10193W | CM2III-600D/72.5B-10193W","","196.9","72.5","498","8","D","III","exact"
"E-CV2260308","VCV","CV2III-350D/145-10193W","CV2III-350D/145-10193W","CV2III-600D/145-10193W | CM2III-500D/170D-10193W | CM2III-600D/170D-10193W","","64.26","145","1725","8","D","III","exact"
"E-CV2260309-312","VCV","CV2III-350D/145-10193W","CV2III-350D/145-10193W","CV2III-600D/145-10193W | CM2III-500D/170D-10193W | CM2III-600D/170D-10193W","","80.43","145","1725","8","D","III","exact"
"E-CV2260313","VCV","CV2III-350Y/40.5-10193G","CV2III-350Y/40.5-10193G","CV2III-600Y/40.5-10193G | CM2III-500Y/72.5B-10193G | CM2III-600Y/72.5B-10193G","","277.6","40.5","150","8","Y","III","exact"
"E-CV2260314","VCV","CV2III-350D/40.5-10100","CV2III-350D/40.5-10100","CV2III-600D/40.5-10100 | CM2III-500D/72.5B-10100 | CM2III-600D/72.5B-10100","","241.6","40.5","910","","D","III","exact"
"E-CV2260315-316","VCV","CV2III-350Y/72.5-10191W","CV2III-350Y/72.5-10191W","CV2III-600Y/72.5-10191W | CM2III-500Y/72.5B-10191W | CM2III-600Y/72.5B-10191W","","212","72.5","1182","9","Y","III","exact"
"E-CV2260317-318","VCV","CV2III-350D/145-10193W","CV2III-350D/145-10193W","CV2III-600D/145-10193W | CM2III-500D/170D-10193W | CM2III-600D/170D-10193W","","71","145","1725","8","D","III","exact"
"E-CV2260319-320","VCV","CV2III-350D/72.5-10193W","CV2III-350D/72.5-10193W","CV2III-600D/72.5-10193W | CM2III-500D/72.5B-10193W | CM2III-600D/72.5B-10193W","","196.9","72.5","498","8","D","III","exact"
"E-CV2260321","VCV","CV2III-350D/126-10193W","CV2III-350D/126-10193W","CV2III-600D/126-10193W | CM2III-500D/126C-10193W | CM2III-600D/126C-10193W","","263","126","0","8","D","III","exact"
"E-CV2260322-325","VCV","CV2III-600Y/72.5-10191W","CV2III-600Y/72.5-10191W","CM2III-500Y/72.5B-10191W | CM2III-600Y/72.5B-10191W | SHZVIII-600Y/72.5B-10191W","","458.2","72.5","606.3","9","Y","III","exact"
"E-CV2260326","VCV","","","","no sold_type","","","","","","","skip"
"E-CV2260327","VCV","CV2III-350Y/72.5-10191W","CV2III-350Y/72.5-10191W","CV2III-600Y/72.5-10191W | CM2III-500Y/72.5B-10191W | CM2III-600Y/72.5B-10191W","","257.3","72.5","1271","9","Y","III","exact"
"E-CV2260328","VCV","","","","no sold_type","","","","","","","skip"
"E-CV2260329-334","VCV","CV2III-350D/40.5-10193W","","","no transformer I","","40.5","","","D","III","skip"
"E-CV2260335-336","VCV","CV2III-350D/145-12231W","CV2III-350D/145-12231W","CV2III-600D/145-12231W | CM2III-500D/170D-12231W | CM2III-600D/170D-12231W","","252","145","763.6","11","D","III","exact"
"E-CV2260337","VCV","CV2III-350D/145-12231W","CV2III-350D/145-12231W","CV2III-600D/145-12231W | CM2III-500D/170D-12231W | CM2III-600D/170D-12231W","","116.2","145","1255","11","D","III","exact"
"E-CV2260338","VCV","CV2III-350D/72.5-12231W","CV2III-350D/72.5-12231W","CV2III-600D/72.5-12231W | CM2III-500D/72.5B-12231W | CM2III-600D/72.5B-12231W","","185.9","72.5","627.5","11","D","III","exact"
"E-CV2260339","VCV","CV2III-500Y/72.5-10193W","","","no transformer I","","72.5","","","Y","III","skip"
"E-CV2260340","VCV","CV2III-350D/72.5-12231W","CV2III-350D/72.5-12231W","CV2III-600D/72.5-12231W | CM2III-500D/72.5B-12231W | CM2III-600D/72.5B-12231W","","185.9","72.5","627.5","11","D","III","exact"
"E-CV2260341-342","VCV","CV2III-600D/40.5-10193W","CV2III-600D/40.5-10193W","CM2III-500D/72.5B-10193W | CM2III-600D/72.5B-10193W | SHZVIII-600D/72.5B-10193W","","438","40.5","275","8","D","III","exact"
"E-CV2260343-344","VCV","CV2III-350D/40.5-10193W","CV2III-350D/40.5-10193W","CV2III-600D/40.5-10193W | CM2III-500D/72.5B-10193W | CM2III-600D/72.5B-10193W","","168","40.5","275","8","D","III","exact"
"E-CV2260345","VCV","CV2III-350D/145-10193W","CV2III-350D/145-10193W","CV2III-600D/145-10193W | CM2III-500D/170D-10193W | CM2III-600D/170D-10193W","","64.26","145","1725","8","D","III","exact"
"E-CV2260346","VCV","CV2III-600Y/72.5-10173G","CV2III-600Y/72.5-16151G","CM2III-500Y/72.5B-16151G | CM2III-600Y/72.5B-16151G | SHZVIII-600Y/72.5B-16151G","","419.6","72.5","739","7","Y","III","family-i-um"
"E-CV2260349","VCV","","","","no sold_type","","","","","","","skip"
"E-WG260001","WG","WDGV-800Y/40.5-6x5","","","unparsed sold_type","","40.5","555.7","","Y","V","skip"
"E-WG260002-003","WG","WDGV-800/40.5-6x5B","","","unparsed sold_type","","40.5","555.7","","","V","skip"
"E-WG260004-009","WG","WDGIV-800/40.5-5x5A","","","unparsed sold_type","631","40.5","","2","","IV","skip"
"E-WG260010-012","WG","3xWDGIV-400/40.5-5x5A","","","unparsed sold_type","394.6","40.5","","2","","IV","skip"
"E-WG260013-014","WG","WDGV-800Y/40.5-6x5","","","unparsed sold_type","","40.5","555.7","","Y","V","skip"
"E-WG260015-016","WG","3xWDGIV-400/72.5-5x5A","","","unparsed sold_type","395","72.5","","2","","IV","skip"
"E-WG260017-018","WG","3xWDGIV-400/40.5-5x5A","","","unparsed sold_type","394.6","40.5","","2","","IV","skip"
"E-WG260019","WG","3xWDGIV-800/72.5-5x5A","","","unparsed sold_type","630.6","72.5","","2","","IV","skip"
"E-WG260020","WG","3xWDGIV-400/72.5-5x5A","","","unparsed sold_type","395","72.5","","2","","IV","skip"
"E-WG260021-022","WG","3xWDGIV-400/72.5-5x5A","","","unparsed sold_type","395","72.5","","2","","IV","skip"
"E-WG260023","WG","WDGV-800/40.5-6x5","","","unparsed sold_type","","40.5","","","","V","skip"
"E-WG260024-026","WG","WDGIV-800/40.5-5x5A","","","unparsed sold_type","631","40.5","","2","","IV","skip"
"E-WG260027","WG","3xWDGIV-400/72.5-5x5A","","","unparsed sold_type","395","72.5","","2","","IV","skip"
"E-WG260028-030","WG","","","","no sold_type","","","","1","","","skip"
"E-WG260031-032","WG","CVIII-350Y/72.5-10191W","CV2III-350Y/72.5-10191W","CV2III-600Y/72.5-10191W | CVIII-350Y/72.5-10191W | SVIII-500Y/72.5-10191W","","252.6","72.5","0","9","Y","III","eligible"
"E-WG260033","WG","","","","no sold_type","","","","","","","skip"
"E-WG260034","WG","3xWDGV-800/72.5-6x5B","","","unparsed sold_type","627.8","72.5","","2","","V","skip"
"E-WG260035-040","WG","WDGIV-800/40.5-5x5A","","","unparsed sold_type","631","40.5","","2","","IV","skip"
"E-WG260041","WG","3xWDGIV-400/72.5-5x5A","","","unparsed sold_type","395","72.5","","2","","IV","skip"
"E-WG260042-043","WG","3xWDGIV-800/72.5-5x5A","","","unparsed sold_type","630.6","72.5","","2","","IV","skip"
"E-WG260044","WG","3xWDGIV-1250/72.5-5x5A","","","unparsed sold_type","995","72.5","","2","","IV","skip"
"E-WG260045","WG","3xWDGIV-400/40.5-5x5A","","","unparsed sold_type","394.6","40.5","","2","","IV","skip"
"E-W260001","WL","WSLIV-600D/72.5-6x5B","WSLII-600D/72.5-12x11B","WSLII-800D/72.5-12x11B","","297","72.5","0","4","D","III","family"
"E-W260002","WL","WSLIV-600Y/72.5-6x5B","WSLIV-600Y/72.5-12x11B","WSLIV-800Y/72.5-12x11B","","515","72.5","0","4","Y","III","family-i-um"
"E-W260003","WL","WSLIV-600Y/72.5-6x5A","WSLIV-600Y/72.5-6x5A","WSLIV-800Y/72.5-6x5A","","132.2","72.5","0","2","Y","III","exact"
"E-W260004-006","WL","WSLIV-600Y/72.5-6x5A","","","no transformer I","","72.5","","","Y","IV","skip"
"E-W260007","WL","WSLIV-800Y/170-6x5B","WSLIV-800Y/170-6x5B","WSLIV-1000Y/170-6x5B","","592.81","170","0","2","Y","III","exact"
"E-W260008-009","WL","WDLIV-600/72.5-17x16E","","","Parameters out of catalogue range (current, Um, step voltage, or positions).","150","72.5","0","16","Y","III","miss"
"E-W260010","WL","WSLIV-800Y/72.5-6x5A","WSLIV-800Y/72.5-6x5A","WSLIV-1000Y/72.5-6x5A","","631.4","72.5","0","2","Y","III","exact"
"E-W260011","WL","WSLIV-1600Y/72.5-6x5","WSLIV-1200Y/72.5-6x5A","WSLIV-1600Y/72.5-6x5A","","994.5","72.5","0","2","Y","III","family"
"E-W260012","WL","WSLII-2000Y/72.5-6x5B","WSLIV-1600Y/72.5-6x5A","WSLIV-2000Y/72.5-6x5A","","1323","72.5","332","2","Y","II","family"
"E-W260013","WL","WSLII-2000Y/72.5-6x5B","WSLIV-600Y/72.5-6x5A","WSLIV-800Y/72.5-6x5A","","212","72.5","3320","2","Y","II","family"
"E-W260014-015","WL","WSLIV-800D/72.5-6x5A","WSLII-800D/72.5-6x5A","WSLII-1000D/72.5-6x5A","","637.9","72.5","550","2","D","III","family"
"E-W260016-017","WL","","","","no sold_type","","","","","","","skip"
"E-W260018","WL","","","","no sold_type","","","","","","","skip"
"E-W260019","WL","CMIII-600Y/72.5C-14271G","","","no transformer I","","72.5","","","Y","III","skip"
"E-W260020","WL","WSLII-800D/72.5-6x5A","","","no transformer I","","72.5","","","D","II","skip"
"E-W260021","WL","","","","no sold_type","303","","","","","","skip"
"E-W260022-023","WL","WDLIV-1200/72.5-9x8E","WSLIV-1000Y/72.5-18x17E","WSLIV-1200Y/72.5-18x17E","","1000","72.5","0","8","Y","III","miss"
"E-W260024-025","WL","","","","no sold_type","600","","","","","","skip"
"E-W260026-027","WL","","","","no sold_type","","","","","","","skip"
"E-W260028","WL","WSLIV-600D/72.5-6x5A","WSLII-600D/72.5-6x5A","WSLII-800D/72.5-6x5A","","255.2","72.5","550","2","D","III","family"
"E-W260029","WL","","","","no sold_type","","","","","","","skip"
"E-W260030-031","WL","WSLV-800D/126-6x5A","WSLII-800D/126-6x5B","WSLII-1000D/126-6x5B","","627.8","126","0","2","D","III","family"
"E-W260032,E-W260037","WL","","","","no sold_type","","","","","","","skip"
"E-W260033-034","WL","WSLII-800D/72.5-6x5A","","","no transformer I","","72.5","","","D","II","skip"
"E-W260035","WL","WSLII-600D/72.5-12x11C","WSLII-600D/72.5-12x11B","WSLII-800D/72.5-12x11B","","185","72.5","1675","5","D","II","family-i-um"
"E-W260036","WL","WSLIV-600D/72.5-6x5A","WSLII-600D/72.5-6x5A","WSLII-800D/72.5-6x5A","","255.2","72.5","550","2","D","III","family"
"E-W260038","WL","WSLIV-600Y/72.5-6x5A","WSLIV-600Y/72.5-6x5A","WSLIV-800Y/72.5-6x5A","","395","72.5","0","2","Y","III","exact"
"E-W260039","WL","WSLIV-1600D/72.5-7x6D","WSLII-1600D/72.5-18x17E","WSLII-2000D/72.5-18x17E","","1217.4","72.5","0","7","D","III","family"
"E-W260040","WL","WSLII-800D/72.5-6x5A","","","no transformer I","","72.5","","","D","II","skip"
"E-W260041-042","WL","WSLVIII-800D/72.5-5x2B","WSLII-1000D/72.5-6x5A","WSLII-1200D/72.5-6x5A","","794","72.5","0","","D","III","family"
"E-W260043-044","WL","WSLIV-600Y/72.5-6x5A","WSLIV-600Y/72.5-6x5A","WSLIV-800Y/72.5-6x5A","","395","72.5","0","2","Y","III","exact"
"E-W260045","WL","WSLIV-600D/126-6x5D","WSLII-600D/126-6x5B","WSLII-800D/126-6x5B","","289.4","126","0","2","D","III","family"
"E-W260046","WL","WSLIV-600Y/72.5-6x5A","WSLIV-600Y/72.5-6x5A","WSLIV-800Y/72.5-6x5A","","395","72.5","0","2","Y","III","exact"